State,District,Tehsil,Village,Station Name,Well Depth,Latest Reading
Andhra pradesh,Anantapur,Amarapuram,Amarapuram,Amarapuram-pz,40.0,13.0
Andhra pradesh,Anantapur,Amarapuram,Palasamudram,Palasamudram,7.62,1.220000029
Andhra pradesh,Anantapur,Anantapur,Anantapur,Anantapur-pz,33.1,7.0
Andhra pradesh,Anantapur,Atmakur,Waddipalli,Waddipalli,12.0,4.889999866
Andhra pradesh,Anantapur,Chennakothapalle,Chenna kothapalli,Chenna kothapalli-pz,26.9,6.53000021
Andhra pradesh,Anantapur,Dharmavaram,Dharmavaram,Dharmavaram,9.61,1.730000019
Andhra pradesh,Anantapur,Gooty,Gooty,Gooty-alt,16.6,5.449999809
Andhra pradesh,Anantapur,Gooty,Gooty,Gooty-pz,33.1,10.35000038
Andhra pradesh,Anantapur,Gudibanda,Budipalli,Budipalli,13.28,5.679999828
Andhra pradesh,Anantapur,Madakasira,Madakasira,Madakasira-pz,47.0,13.10000038
Andhra pradesh,Anantapur,Madakasira,Madakasira,Madakasira1,21.55,1.129999995
Andhra pradesh,Anantapur,Mudigubba,Malakavemula-rs,Malakavemula-rs,11.15,2.849999905
Andhra pradesh,Anantapur,Obuladevaracheruvu,Ingaluru,Ingaluru,14.35,3.190000057
Andhra pradesh,Anantapur,Tadipatri,Tadipatri,Tadipatri-pz,31.0,11.10000038
Andhra pradesh,Anantapur,Uravakonda,Amidala,Amidala,11.4,6.130000114
Andhra pradesh,Anantapur,Vajrakarur,Vajrakarur,Vajrakarur,16.3,8.800000191
Andhra pradesh,Anantapur,Yadiki,Yadikal,Yadiki-pz,30.9,11.55000019
Andhra pradesh,Chittoor,Chandragiri,Mungilipattu,Mungilipattu,14.18,4.980000019
Andhra pradesh,Chittoor,Palamaner,Duginevaripalli,Duginevaripalli,10.36,2.900000095
Andhra pradesh,Chittoor,Sodum,Battuvaripalli,Battuvaripalli,10.12,1.850000024
Andhra pradesh,Chittoor,Tirupati(r),Suritipalli,Suritipalli,8.2,1.850000024
Andhra pradesh,Chittoor,Tirupati(r),Tirumala,Tirumala1,16.0,3.119999886
Andhra pradesh,Chittoor,Venkatagirikota,Venkatagirikota,Venkatagirikota,15.2,7.489999771
Andhra pradesh,Cuddapah,Mylavaram,Talamanchipatnm,Talamanchipatnm,7.06,2.720000029
Andhra pradesh,Cuddapah,T.sundupalle,Pincha,Pincha,17.12,11.21000004
Andhra pradesh,Cuddapah,Veeraballe,Sanipai,Sanipai,12.48,2.75
Andhra pradesh,East godavari,Atreyapuram,Dowalaiswaram -1,Dowalaiswaram -pz1,200.0,9.119999886
Andhra pradesh,East godavari,Atreyapuram,Dowalaiswaram -2,Dowalaiswaram -pz2,97.0,9.93999958
Andhra pradesh,East godavari,Gollaprolu,Gollaprolu,Gollaprolu,6.55,1.25
Andhra pradesh,East godavari,I.polavaram,Yanam,Yanam,7.5,2.599999905
Andhra pradesh,East godavari,Kothapalle,Uppada,Uppada,4.07,1.950000048
Andhra pradesh,East godavari,Maredumilli,Maredumilli,Maredumilli,7.42,4.900000095
Andhra pradesh,East godavari,Prathipadu,Pattipadu,Pattipadu,8.5,1.600000024
Andhra pradesh,East godavari,Rajanagaram,Rajanagaram,Rajanagaram,7.45,4.199999809
Andhra pradesh,East godavari,Rampachodavaram,Sitapalli,Sitapalli,5.2,2.9
Andhra pradesh,East godavari,Ravulapalem,Delta gannavarm,Delta gannavarm,8.4,2.349999905
Andhra pradesh,East godavari,Ravulapalem,Jonnada,Jonnada,2.98,0.850000024
Andhra pradesh,East godavari,Ravulapalem,Mummidivarampad,Mummidivarampad,5.63,1.299999952
Andhra pradesh,Guntur,Amaravati,Zupudi,Zupudi,8.5,3.799999952
Andhra pradesh,Guntur,Atchampeta,Krosur,Krosur,8.0,4.300000191
Andhra pradesh,Guntur,Chebrolu,Chebrolu,Chebrolu,7.1,1.909999967
Andhra pradesh,Guntur,Guntur,Guntur,Guntur,11.38,3.059999943
Andhra pradesh,Guntur,Gurajala,Gurzala,Gurzala,14.4,0.839999974
Andhra pradesh,Guntur,Ipur,Ipur,Ipur,4.56,3.700000048
Andhra pradesh,Guntur,Krosuru,Pisapadu,Pisapadu,11.0,4.619999886
Andhra pradesh,Guntur,Machavaram,Murjampadu,Murjampadu,14.0,8.960000038
Andhra pradesh,Guntur,Medikonduru,Medikondur,Medikondur,10.47,3.76
Andhra pradesh,Guntur,Nizampatnam,Nijampatnam,Nijampatnam,3.66,1.980000019
Andhra pradesh,Guntur,Phirangipuram,Pirangipuram,Pirangipuram,9.9,3.289999962
Andhra pradesh,Guntur,Prathipadu,Prattipadu,Prattipadu,7.95,1.620000005
Andhra pradesh,Guntur,Rentachintala,Rentachintala,Rentachintala,6.6,1.75999999
Andhra pradesh,Guntur,Repalle,Repalle,Repalle,4.48,3.25999999
Andhra pradesh,Guntur,Sattenapalle,Rentapalle,Rentapalle,12.0,5.630000114
Andhra pradesh,Kurnool,Adoni,Naganathanapali,Naganathanahalli,8.1,5.519999981
Andhra pradesh,Kurnool,Allagadda,Ahobilam,Ahobilam,20.0,16.86
Andhra pradesh,Kurnool,Alur,Aluru,Aluru1,52.4,6.949999809
Andhra pradesh,Kurnool,Gonegandla,Gonegandla,Gonegandla,19.5,2.809999943
Andhra pradesh,Kurnool,Gonegandla,Gonegondla,Gonegondla,9.3,1.5
Andhra pradesh,Kurnool,Holagonda,Holagondi,Holagondi,11.0,4.0
Andhra pradesh,Kurnool,Mantralayam,Madhavaram,Madhavaram,12.0,2.599999905
Andhra pradesh,Kurnool,Orvakal,Orvakallu,Orvakallu,9.5,4.21999979
Andhra pradesh,Kurnool,Peapalle,Yenugumarri,Yenugumarri,9.45,4.920000076
Andhra pradesh,Kurnool,Rudravaram,Battulur,Battulur,7.46,4.639999866
Andhra pradesh,Kurnool,Uyyalawada,Nossam,Nossam,11.4,2.700000048
Andhra pradesh,Kurnool,Veldurthi,Veldurti,Veldurti,9.6,2.24000001
Andhra pradesh,Nellore,Kavali,Kavali,Kavali,10.6,5.829999924
Andhra pradesh,Nellore,Marripadu,Bata,Bata,8.65,6.320000172
Andhra pradesh,Nellore,Muthukur,Muthukuru,Muthukuru1,8.0,4.820000172
Andhra pradesh,Nellore,Vakadu,Durgarajapatnam,Durgarajapatnam,8.0,3.319999933
Andhra pradesh,Nellore,Venkatachalam,Venkatachalam-r,Venkatachalam-r,5.4,3.2
Andhra pradesh,Nellore,Vidavalur,Ramathirdam,Ramathirdam,6.6,5.610000134
Andhra pradesh,Prakasam,Darsi,Darsi-new,Darsi-new,10.07,4.03000021
Andhra pradesh,Prakasam,Kurichedu,Vengaiahpalem,Vengaiahpalem,7.21,4.710000038
Andhra pradesh,Prakasam,Naguluppalapadu,Uppugundur,Uppugundur,7.5,3.980000019
Andhra pradesh,Prakasam,Racherla,Turumella,Turumella,12.3,4.51
Andhra pradesh,Prakasam,Tripurantakam,Guttalaumadivrm,Guttalaumadivrm,9.3,6.360000134
Andhra pradesh,Srikakulam,Heeramandalam,Heeramandalam,Heeramandalam,10.4,0.5
Andhra pradesh,Srikakulam,Ichapuram,Ichapuram,Ichapuram,9.46,5.39
Andhra pradesh,Srikakulam,Mandasa,Haripuram,Haripuram,17.11,2.52
Andhra pradesh,Srikakulam,Palakonda,Palakonda,Palakonda,10.65,2.6
Andhra pradesh,Srikakulam,Srikakulam,Patasrikakulam,Patasrikakulam,8.0,5.050000191
Andhra pradesh,Srikakulam,Vajrapukothuru,Tekkalipatnam,Tekkalipatnam,8.85,3.02
Andhra pradesh,Visakhapatnam,Bheemunipatnam,Bhimunipatnam-1,Bhimunipatnam-1,11.05,3.5
Andhra pradesh,Visakhapatnam,Chintapalle,Lotugadda jn.,Lotugadda junction,4.87,0.850000024
Andhra pradesh,Visakhapatnam,Dumbriguda,Dimriguda,Dimriguda,12.9,1.799999952
Andhra pradesh,Visakhapatnam,Nakkalli,Gurrajupeta,Gurrajupeta,12.0,4.400000095
Andhra pradesh,Visakhapatnam,S.rayavaram,Rayavaram,Rayavaram,5.72,2.150000095
Andhra pradesh,Vizianagaram,Badangi,Maradam,Maradam,8.95,2.849999905
Andhra pradesh,Vizianagaram,Komarada,Komarada,Komarada,10.45,6.550000191
Andhra pradesh,Vizianagaram,Kurupam,Gumma,Gumma,8.85,1.799999952
Andhra pradesh,Vizianagaram,Kurupam,Kurupana,Kurupana,11.1,4.699999809
Andhra pradesh,Vizianagaram,Makkuva,Payakapadu,Payakapadu,8.2,0.899999976
Andhra pradesh,Vizianagaram,Merakamudidam,Garbham,Garbham,10.25,7.0
Andhra pradesh,West godavari,Chintalapudi,Erraguntlapalli,Erraguntlapalli,12.95,5.690000057
Andhra pradesh,West godavari,Chintalapudi,Recharla (bh),Recharla -pz,200.0,11.77000046
Andhra pradesh,West godavari,Eluru,Eluru-pn,Eluru-pz,133.35,34.79
Andhra pradesh,West godavari,Narsapur,Narsapuram,Narsapuram,4.18,2.900000095
Andhra pradesh,West godavari,Nidadavole,Nidadavolu,Nidadavolu,5.8,2.099999905
Andhra pradesh,West godavari,Undi,Undi,Undi,4.55,1.399999976
Andhra pradesh,West godavari,Veeravasaram,Veeravasaram,Veeravasaram,5.38,3.049999952
Assam,Cachar,Katigora,Borkhola,Borkhola,4.74,0.639999986
Chhattisgarh,Balodabazar,Balodabazar,Arjuni,Arjuni,10.75,3.07
Chhattisgarh,Balodabazar,Balodabazar,Bitkuli,Bitkuli,7.46,0.93
Chhattisgarh,Balodabazar,Balodabazar,Damru,Damru,10.85,1.779999971
Chhattisgarh,Balodabazar,Balodabazar,Lawan,Lawan,9.85,0.209999993
Chhattisgarh,Balodabazar,Bhatapara,Bhatapara,Bhatapara,15.12,7.45
Chhattisgarh,Balodabazar,Bilaigarh,Purgaon,Purgaon,6.03,2.670000076
Chhattisgarh,Balodabazar,Kasdol,Katgi,Katgi,8.55,2.299999952
Chhattisgarh,Balodabazar,Kasdol,Rawan,Rawan,13.47,4.840000153
Chhattisgarh,Balodabazar,Palari,Sandi,Sandi,10.36,2.819999933
Chhattisgarh,Balodabazar,Simga,Damakheda,Damakheda,10.7,2.630000114
Chhattisgarh,Balodabazar,Simga,Simga,Simga,12.15,1.549999952
Chhattisgarh,Bastar,Bastar,Bhanpuri,Bhanpuri,6.55,3.329999924
Chhattisgarh,Bastar,Jagdalpur,Bastar,Bastar,14.0,7.989999771
Chhattisgarh,Bastar,Kondagaon,Joba,Joba,8.0,6.150000095
Chhattisgarh,Durg,Dhamdha,Ravelidih,Ravelidih,9.3,4.320000172
Chhattisgarh,Durg,Dondilohara,Sambalpur,Sambalpur,25.5,24.97999954
Chhattisgarh,Durg,Gurur,Gurur,Gurur,12.17,4.239999771
Chhattisgarh,Durg,Gurur,Markatola,Markatola,10.27,0.0
Chhattisgarh,Durg,Patan,Funda,Funda,9.44,3.779999971
Chhattisgarh,Durg,Patan,Motipur,Motipur,9.83,3.440000057
Chhattisgarh,Durg,Patan,Patan,Patan,14.4,2.049999952
Chhattisgarh,Durg,Sanjari balod,Balod,Balod,11.65,4.949999809
Chhattisgarh,Gariaband,Chhura,Chhura,Chhura,10.45,6.59
Chhattisgarh,Gariaband,Chhura,Pond,Pond,6.17,0.920000017
Chhattisgarh,Gariaband,Gariaband,Dhawalpur,Dhawalpur,6.8,2.28
Chhattisgarh,Gariaband,Gariaband,Gariaband,Gariaband,11.27,2.670000076
Chhattisgarh,Gariaband,Gariaband,Joba,Joba,5.86,1.649999976
Chhattisgarh,Gariaband,Mainpur,Dhurwagudi,Dhruwagudi,9.92,2.819999933
Chhattisgarh,Gariaband,Mainpur,Indagaon,Indagaon,7.2,2.430000067
Chhattisgarh,Gariaband,Mainpur,Jheriabahra,Jheriabahara,10.31,4.960000038
Chhattisgarh,Gariaband,Mainpur,Mainpur,Mainpur,10.2,2.170000076
Chhattisgarh,Gariaband,Mainpur,Taurenga,Taurenga,10.53,2.609999895
Chhattisgarh,Gariaband,Rajim,Fingeshwar,Fingeshwar,9.75,0.680000007
Chhattisgarh,Gariaband,Rajim,Rajim,Rajim,10.3,5.320000172
Chhattisgarh,Jashpur,Bagicha,Bagicha,Bagicha,6.82,4.329999924
Chhattisgarh,Jashpur,Duldula,Kersai,Kersai,7.98,5.699999809
Chhattisgarh,Jashpur,Duldula,Kunjara,Kunjara,9.0,7.949999809
Chhattisgarh,Jashpur,Farsabahar,Lavakera,Lavakera,9.25,8.699999809
Chhattisgarh,Jashpur,Farsabahar,Lavakera,Lavakera1,41.5,8.710000038
Chhattisgarh,Jashpur,Farsabahar,Tapkara,Tapkara,11.0,0.0
Chhattisgarh,Jashpur,Jashpur,Jashpurnagar,Jashpurnagar,10.35,7.800000191
Chhattisgarh,Jashpur,Kansabel,Muskuti,Muskuti,7.99,6.75
Chhattisgarh,Jashpur,Kansabel,Saraipani,Saraipani,8.3,8.0
Chhattisgarh,Jashpur,Kunkuri,Bandarchuwa,Bandarchuwa,10.75,7.849999905
Chhattisgarh,Jashpur,Pathalgaon,Kotba,Kotba,6.85,5.650000095
Chhattisgarh,Jashpur,Pathalgaon,Ludeg,Ludeg,6.99,5.28000021
Chhattisgarh,Jashpur,Pathalgaon,Pathalgaon,Pathalgaon,14.23,9.75
Chhattisgarh,Kabirdham,Bodla,Chilpi,Chilpi,9.85,8.58
Chhattisgarh,Korba,Pondi uprora,Morga,Morga,14.0,9.449999809
Chhattisgarh,Koriya,Baikunthpur,Baikunthpur,Baikunthpur,7.0,7.400000095
Chhattisgarh,Koriya,Baikunthpur,Khatgori,Khatgori,15.74,3.789999962
Chhattisgarh,Koriya,Baikunthpur,Mansukha,Mansukha,12.0,10.39999962
Chhattisgarh,Koriya,Manendragarh,Belbehra,Belbehra,7.28,8.0
Chhattisgarh,Koriya,Manendragarh,Pendri,Pendri,8.36,4.699999809
Chhattisgarh,Koriya,Manendragarh,Sarbhoka,Sarbhoka,8.89,4.5
Chhattisgarh,Koriya,Sonhat,Sonhat,Sonhat,7.0,3.450000048
Chhattisgarh,Raigarh,Dharmjaigarh,Bakaruma,Bakaruma,11.25,9.5
Chhattisgarh,Raigarh,Dharmjaigarh,Barpali,Barpali,11.48,9.27
Chhattisgarh,Raigarh,Dharmjaigarh,Dharamjaigarh,Dharamjaigarh pz,29.91,4.97
Chhattisgarh,Raigarh,Dharmjaigarh,Golabuda,Golabuda,10.2,9.699999809
Chhattisgarh,Raigarh,Dharmjaigarh,Kapu,Kapu,9.75,7.480000019
Chhattisgarh,Raigarh,Dharmjaigarh,Kurekela,Kurekela,14.55,5.099999905
Chhattisgarh,Raigarh,Gharghoda,Chimtapani,Chimtapani,14.15,6.170000076
Chhattisgarh,Raigarh,Pusaur,Tetla,Tetla,13.17,3.200000048
Chhattisgarh,Raigarh,Raigarh,Kerajhar,Kerajhar,12.36,4.599999905
Chhattisgarh,Rajnandgaon,Dongargarh,Lal bhadurnagar,Lal bhadurnagar,12.02,6.800000191
Chhattisgarh,Rajnandgaon,Dongargarh,Tappa,Tappa,12.71,9.4
Chhattisgarh,Rajnandgaon,Khairagarh,Khairagarh,Khairagarh,9.0,7.019999981
Chhattisgarh,Surguja,Batauli,Bandana,Bandana,9.43,7.400000095
Chhattisgarh,Surguja,Bhaiyathan,Bhaiyathan,Bhaiyathan,31.01,10.05000019
Chhattisgarh,Surguja,Lundra,Bulga,Bulga,11.0,5.449999809
Chhattisgarh,Surguja,Pratappur,Chandora,Chandora,7.01,8.199999809
Chhattisgarh,Surguja,Pratappur,Gonda,Gonda,16.47,6.650000095
Chhattisgarh,Surguja,Pratappur,Songara,Songara,15.0,10.0
Chhattisgarh,Surguja,Ramanujnagar,Ganeshpur,Ganeshpur,14.06,6.199999809
Chhattisgarh,Surguja,Ramanujnagar,Ramanuj nagar,Ramanuj nagar,12.05,8.0
Chhattisgarh,Surguja,Surajpur,Sirsi,Sirsi,8.5,8.75
Chhattisgarh,Surguja,Udeypur,Dandgaon,Dandgaon,7.71,3.650000095
Chhattisgarh,Surguja,Udeypur,Udaipur,Udaipur,14.58,8.75
Chhattisgarh,Surguja,Udeypur,Udaipur-d,Udaipur-d,61.75,18.42000008
Gujarat,Ahmedabad,Barwala,Barvala,Barvala,21.0,5.389999866
Gujarat,Ahmedabad,Dhandhuka,Tagadi,Tagadi1,12.98,9.510000229
Gujarat,Ahmedabad,Mandal,Dalod,Dalod,11.61,6.700000286
Gujarat,Ahmedabad,Ranpur,Rajpada,Rajpada,26.0,17.06999969
Gujarat,Ahmedabad,Viramgam,Endla,Endla,9.31,2.6299999
Gujarat,Anand,Borsad,Borsad i,Borsad i,200.0,19.34000015
Gujarat,Anand,Umreth,Ghora,Ghora,13.9,5.259999752
Gujarat,Banaskantha,Danta,Ganapipli,Ganapipli,14.0,9.259999
Gujarat,Banaskantha,Danta,Ratanpur,Ratanpur2,32.0,16.87999916
Gujarat,Dang,The dangs,Chikhli,Chikhli,12.0,1.1000001
Gujarat,Dang,The dangs,Chinchnogaotha,Chinchnogaotha,50.01,1.51
Gujarat,Dang,The dangs,Chinchpada,Chinchpada,8.0,0.800000012
Gujarat,Dang,The dangs,Dhumkal,Dhumkal,8.5,0.99999994
Gujarat,Dang,The dangs,Ghubita,Ghubita,6.0,0.850000024
Gujarat,Dang,The dangs,Kalibel,Kalibel,4.73,0.849999964
Gujarat,Dang,The dangs,Mahal,Mahal,7.0,2.1
Gujarat,Dang,The dangs,Malegaon,Malegaon,7.5,0.5
Gujarat,Dang,The dangs,Nadak khadi,Nadak khadi,9.0,0.899999976
Gujarat,Dang,The dangs,Nana pada,Nana pada,14.0,3.9299998
Gujarat,Dang,The dangs,Sodmal,Sodmal,13.03,2.150000095
Gujarat,Dang,The dangs,Subir,Subir,9.5,3.3
Gujarat,Dang,The dangs,Umberpada,Umberpada,7.94,1.0
Gujarat,Dohad,Devgad baria,Devgadh bariya,Devgadh bariya,45.0,16.87999916
Gujarat,Dohad,Devgad baria,Khandania,Khandania,13.97,13.44999981
Gujarat,Dohad,Devgad baria,Salaya,Salaya1,16.0,0.0
Gujarat,Dohad,Dhanpur,Kanjetha,Kanjetha,11.95,12.05000019
Gujarat,Dohad,Dhanpur,Pipero,Pipero,30.0,12.89000034
Gujarat,Dohad,Dhanpur,Tokarba,Tokarba,9.0,8.05
Gujarat,Dohad,Garbada,Panchwada,Panchwada,10.0,6.0
Gujarat,Dohad,Jhalod,Jhalod,Jhalod,41.13,8.859999657
Gujarat,Dohad,Limkheda,Dadhela,Dadhela,16.0,8.400000572
Gujarat,Dohad,Limkheda,Limkheda,Limkheda,36.58,7.78000021
Gujarat,Dohad,Limkheda,Wadia,Wadia,9.0,0.0
Gujarat,Kheda,Mahudha,Alina,Alina,19.65,12.40999985
Gujarat,Kheda,Mahudha,Mahudha,Mahudha,20.15,1.850000024
Gujarat,Kheda,Thasra,Dakor,Dakor,12.69,5.179999828
Gujarat,Kheda,Thasra,Kalesar,Kalesar,16.61,2.600000143
Gujarat,Kheda,Thasra,Nes,Nes_pz,32.0,11.79000092
Gujarat,Navsari,Bansda,Kantasvel,Kantasvel,8.95,2.900000095
Gujarat,Navsari,Chikhli,Kaliyari,Kaliyari,14.5,1.500000119
Gujarat,Navsari,Chikhli,Khergam,Khergam,10.9,1.700000048
Gujarat,Navsari,Jalalpore,Abrama,Abrama,9.0,0.7
Gujarat,Navsari,Jalalpore,Chinam,Chinam,14.81,2.359999895
Gujarat,Navsari,Jalalpore,Dandi,Dandi,50.01,2.0
Gujarat,Panchmahals,Ghoghamba,Ranipura,Ranipura,13.0,8.400000572
Gujarat,Panchmahals,Godhra,Godhra,Godhra2,11.5,10.43999958
Gujarat,Panchmahals,Halol,Pavagadh,Pavagadh,11.48,0.0
Gujarat,Panchmahals,Halol,Shivrajpur,Shivrajpur,13.0,0.0
Gujarat,Panchmahals,Jambughoda,Jambughoda,Jambughoda,25.85,7.050000191
Gujarat,Panchmahals,Kalol,Vejalpur,Vejalpur,9.0,5.449999809
Gujarat,Panchmahals,Lunawada,Kothamba,Kothamba,7.15,5.050000191
Gujarat,Panchmahals,Lunawada,Limbadia peti,Limbadia peti,11.0,6.600000381
Gujarat,Panchmahals,Lunawada,Lunawada,Lunawada,16.56,11.41
Gujarat,Panchmahals,Lunawada,Malekpur,Malekpur1,8.0,2.8
Gujarat,Panchmahals,Santrampur,Santrampur,Santrampur1,15.0,11.32000065
Gujarat,Sabarkantha,Bayad,Boral,Boral,24.75,12.89999962
Gujarat,Sabarkantha,Bayad,Sathamba,Sathamba,23.61,19.82999992
Gujarat,Sabarkantha,Bhiloda,Punasan,Punasan,11.1,7.150000095
Gujarat,Sabarkantha,Bhiloda,Shamlaji,Shamlaji,18.01,11.05000019
Gujarat,Sabarkantha,Idar,Revas,Revas,50.01,13.69999981
Gujarat,Sabarkantha,Khedbrahma,Silwad,Silwad,20.01,11.22000027
Gujarat,Sabarkantha,Modasa,Modasa,Modasa,20.2,7.380000591
Gujarat,Sabarkantha,Talod,Harsol,Harsol1,19.44,17.92000008
Gujarat,Sabarkantha,Vadali,Choriwad,Choriwad,50.01,15.35999966
Gujarat,Surat,Bardoli,Allu,Allu,8.0,3.150000095
Gujarat,Surat,Bardoli,Sarbhon,Sarbhon,11.8,2.600000143
Gujarat,Surat,Chorasi,Sultanabad,Sultanabad,8.0,4.260000229
Gujarat,Surat,Mahuva,Puna,Puna1,11.0,3.200000048
Gujarat,Surat,Palsana,Palsana,Palsana,12.69,1.440000057
Haryana,Ambala,Ambala,Kakru,Kakru,14.0,0.75
Haryana,Ambala,Ambala,Panjokhra,Panjokhra,8.6,3.829999924
Haryana,Bhiwani,Bawani khera,Dhanana,Dhanana,29.86,0.680000007
Haryana,Bhiwani,Bhiwani,Badala,Badala,10.5,2.19
Haryana,Bhiwani,Bhiwani,Isharwal,Isharwal,36.5,19.46999931
Haryana,Bhiwani,Bhiwani,Lohani,Lohani,27.8,14.64000034
Haryana,Bhiwani,Siwani,Jhumpa,Jhumpa,34.95,27.04999924
Haryana,Bhiwani,Siwani,Siwani,Siwani,26.5,11.64000034
Haryana,Bhiwani,Tosham,Bajina,Bajina,24.6,13.55
Haryana,Bhiwani,Tosham,Bohal,Bohal,21.5,2.07
Haryana,Fatehabad,Tohana,Samain,Samain,17.7,5.340000153
Haryana,Hisar,Narnaud,Khotkalan,Khotkalan,26.33,12.40999985
Haryana,Jhajjar,Beri,Dubhaldhan,Dubhaldhan,9.3,2.150000095
Haryana,Jind,Jind,Chhabri,Chhabri,10.82,1.269999981
Haryana,Kaithal,Kaithal,Mataur,Mataur,39.4,8.140000343
Haryana,Kurukshetra,Pehowa,Ishaque s,Ishaque s,60.0,41.68999863
Haryana,Mahendragarh,Narnaul,Narnaul,Narnaul,24.0,4.699999809
Haryana,Rohtak,Rohtak,Bhal anandpur,Bhal anandpur,9.65,1.860000014
Haryana,Rohtak,Rohtak,Samargopalpur,Samargopalpur,21.5,1.889999986
Haryana,Rohtak,Sampla,Hassangarh,Hassangarh,18.0,1.230000019
Haryana,Sirsa,Dabwali,Chormar,Chormar,56.5,19.18000031
Haryana,Sirsa,Elllenabad,Karamsana,Karamsana,31.8,8.350000381
Haryana,Sirsa,Sirsa,Jamal,Jamal,31.0,3.970000029
Haryana,Sirsa,Sirsa,Sherpura,Sherpura,29.22,15.14000034
Haryana,Sonipat,Sonipat,Pinana,Pinana,13.0,5.21999979
Haryana,Yamunanagar,Chachhrauli,Choli,Choli,10.15,0.409999996
Himachal pradesh,Kangra,Dera gopipur(t),Bharoli,Bharoli,17.2,4.849999905
Himachal pradesh,Kangra,Dera gopipur(t),Dehra gopipur,Dehra gopipur,9.3,4.099999905
Himachal pradesh,Kangra,Dera gopipur(t),Jwalaji,Jwalaji,13.0,1.690000057
Himachal pradesh,Kangra,Harchakian(t),Rait,Rait,11.1,8.079999924
Himachal pradesh,Kangra,Kangra(t),Kangra,Kangra,14.85,8.109999657
Himachal pradesh,Kangra,Kangra(t),Manjgram,Manjgram,4.86,1.090000033
Himachal pradesh,Kangra,Kangra(t),Takipur,Takipur,8.82,3.160000086
Himachal pradesh,Kangra,Nurpur(t),Bod,Bod,10.8,2.809999943
Himachal pradesh,Kangra,Nurpur(t),Mao,Mao,10.5,1.139999986
Himachal pradesh,Kangra,Nurpur(t),Panjpir,Panjpir,5.35,3.480000019
Himachal pradesh,Kangra,Nurpur(t),Raja-ka-talab,Raja-ka-talab,8.65,3.25
Himachal pradesh,Kangra,Tehsil 3 ( khundian),Dehrian,Dehrian,12.62,0.75999999
Himachal pradesh,Kangra,Tehsil 4 (baijnath),Paprola,Paprola,15.0,10.02999973
Himachal pradesh,Kullu,Kullu(t),Gadauri,Gadauri,10.0,6.170000076
Himachal pradesh,Mandi,Mandi(t),Bahangrotu,Bahangrotu,9.1,3.140000105
Himachal pradesh,Mandi,Sundarnagar(t),Gagal,Gagal,3.25,2.670000076
Himachal pradesh,Mandi,Sundarnagar(t),Jarl,Jarl,3.92,0.469999999
Himachal pradesh,Mandi,Sundarnagar(t),Lohara,Lohara,6.8,3.220000029
Himachal pradesh,Mandi,Sundarnagar(t),Ratti,Ratti,5.95,4.78000021
Himachal pradesh,Sirmaur,Nahan(t),Shambuwala,Shambuwala,13.0,9.770000458
Himachal pradesh,Sirmaur,Paonta sahib(t),Badripur,Badripur,25.0,9.06000042
Himachal pradesh,Sirmaur,Paonta sahib(t),Kala-amb,Kala-amb,17.0,13.81999969
Himachal pradesh,Sirmaur,Paonta sahib(t),Khodawala,Khodawala,20.5,9.699999809
Himachal pradesh,Sirmaur,Paonta sahib(t),Kiyarda,Kiyarda,14.55,5.369999886
Himachal pradesh,Sirmaur,Paonta sahib(t),Kolar,Kolar,29.95,10.56999969
Himachal pradesh,Sirmaur,Paonta sahib(t),Nayagaon,Nayagaon,20.0,8.93999958
Himachal pradesh,Sirmaur,Paonta sahib(t),Shibpur,Shibpur,30.5,26.06999969
Himachal pradesh,Sirmaur,Paonta sahib(t),Trilokpur,Trilokpur,16.5,1.350000024
Himachal pradesh,Solan,Nalagarh(t),Bagheri,Bhagheri,22.75,11.13000011
Himachal pradesh,Solan,Nalagarh(t),Dhabota,Dhabota,16.55,12.36999989
Himachal pradesh,Solan,Nalagarh(t),Jagatpur,Jagatpur,22.65,12.48999977
Himachal pradesh,Una,Amb(t),Daulatpur,Daulatpur,27.45,3.730000019
Himachal pradesh,Una,Amb(t),Gagret,Gagret,12.0,6.96999979
Himachal pradesh,Una,Haroli(t),Guglahar,Guglahar,6.22,3.190000057
Himachal pradesh,Una,Haroli(t),Lalehri,Lalehri,20.0,10.54
Himachal pradesh,Una,Una(t),Ghaneri,Ghaneri,13.23,5.730000019
Himachal pradesh,Una,Una(t),Ishapur,Ishapur,7.0,1.730000019
Himachal pradesh,Una,Una(t),Mubarikpur,Mubarikpur,9.18,2.670000076
Himachal pradesh,Una,Una(t),Panoh,Panoh,6.16,2.46
Himachal pradesh,Una,Una(t),Una,Una,5.35,2.200000048
Jharkhand,Bokaro,Gumia,Gomia,Gomia,11.54,1.029999971
Jharkhand,Bokaro,Jaridih,Jaina more,Jaina more,11.1,6.380000114
Jharkhand,Deoghar,Palojori,Palajori,Palajori,10.76,4.429999828
Jharkhand,Dhanbad,Baghmara cum katras,Rajganj,Rajganj,8.94,3.829999924
Jharkhand,Dhanbad,Tundi,Tundi,Tundi,8.34,3.829999924
Jharkhand,Dumka,Jama,Jama,Jama1,12.2,7.349999905
Jharkhand,Dumka,Jamtara,Jamatara,Jamatara,9.34,3.599999905
Jharkhand,Dumka,Jarmundi,Jarmundi db.ib,Jarmundi db.ib,10.04,5.0
Jharkhand,Dumka,Masalia,Masalia,Masalia,8.6,4.01
Jharkhand,Giridih,Bagodar,Bagodar,Bagodar,8.25,3.400000095
Jharkhand,Giridih,Bengabad,Bengabad,Bengabad,14.1,3.269999981
Jharkhand,Giridih,Deori,Dumri,Dumri,13.83,6.190000057
Jharkhand,Giridih,Giridih,Giridih,Giridih,15.4,2.150000095
Jharkhand,Godda,Boarijor,Lalmatia,Lalmatia,10.43,5.880000114
Jharkhand,Gumla,Kolebira,Kolebira,Kolebira,10.6,4.65
Jharkhand,Gumla,Palkot,Palkot,Palkot,10.6,3.75
Jharkhand,Gumla,Raidih,Raidih,Raidih,10.6,2.119999886
Jharkhand,Gumla,Sisai,Nagfeni,Nagfeni,11.0,2.539999962
Jharkhand,Hazaribag,Barkatha,Barkatha,Barkatha,9.2,6.599999905
Jharkhand,Hazaribag,Gola,Gola,Gola,10.3,6.900000095
Jharkhand,Lohardaga,Bhandra,Bhandara,Bhandara,10.0,6.599999905
Jharkhand,Pakur,Amrapara,Amrapara,Amrapara,6.75,3.329999924
Jharkhand,Pakur,Litipara,Litipara,Litipara,11.06,7.380000114
Jharkhand,Palamau,Balumath,Balumath,Balumath,13.2,8.949999809
Jharkhand,Palamau,Barwadih,Satbarwa,Satbarwa,9.1,9.960000038
Jharkhand,Palamau,Bishrampur,Rajhara,Rajhara,9.85,2.049999952
Jharkhand,Palamau,Chandwa,Chandwa,Chandwa,14.24,0.0
Jharkhand,Palamau,Latehar,Latehar,Latehar,14.85,5.03000021
Jharkhand,Palamau,Manika,Manika,Manika,9.5,2.890000105
Jharkhand,Ranchi,Karra,Kalimati,Kalimati,6.5,3.700000048
Jharkhand,Ranchi,Khunti,Khunti,Khunti,13.42,3.349999905
Jharkhand,Sahebganj,Borio,Sahebganj,Sahebganj1,13.5,5.32
Karnataka,Bagalkote,Badami,Pattadakal,Pattadakal,11.14,10.31999969
Karnataka,Bagalkote,Hungund,Amingad,Amingad,14.02,2.78
Karnataka,Bagalkote,Hungund,Tumba,Tumba,8.5,5.300000191
Karnataka,Bagalkote,Mudhol,Malapur,Malapur,8.32,7.869999886
Karnataka,Ballari,Bellary,Emmiganur,Emmiganur,8.8,4.880000114
Karnataka,Ballari,Hadagalli,Magala,Magala,12.0,2.420000076
Karnataka,Ballari,Sandur,Toranagal,Toranagal,8.15,3.680000067
Karnataka,Ballari,Sandur,Yeswanthanagar,Yeswanthanagar,12.5,7.300000191
Karnataka,Bangalore rural,Devanhalli,Vishwanathapura,Vishwanathapura,13.46,4.75
Karnataka,Bangalore rural,Magadi,Banavadi,Banavadi,20.0,3.279999971
Karnataka,Bangalore rural,Magadi,Magadi,Magadi2,13.0,2.650000095
Karnataka,Bangalore rural,Nelamangala,Shivagange,Shivagange1,17.0,4.050000191
Karnataka,Bangalore urban,Bangalore north,Bangalore-iv,Bangalore-iv,13.6,2.650000095
Karnataka,Bangalore urban,Bangalore north,Hebbal,Hebbal2,77.0,50.0
Karnataka,Bangalore urban,Bangalore south,Bangalore ii,Bangalore ii,13.15,5.099999905
Karnataka,Belgaum,Athni,Athni,Athni,13.15,3.099999905
Karnataka,Belgaum,Athni,Badchi,Badchi,10.25,3.470000029
Karnataka,Belgaum,Athni,Halyal,Halyal1,13.89,2.579999924
Karnataka,Belgaum,Athni,Khotanatti,Khotanatti,15.33,8.199999809
Karnataka,Belgaum,Athni,Malabad,Mallabad1,13.85,13.30000019
Karnataka,Belgaum,Athni,Nandagaon,Nandagaon1,15.33,3.799999952
Karnataka,Belgaum,Athni,Radderhatti,Radderhatti,13.7,4.699999809
Karnataka,Belgaum,Belgaum,Belgaum,Belgaum1,13.6,5.829999924
Karnataka,Belgaum,Belgaum,Halaga,Halaga,13.0,4.78000021
Karnataka,Belgaum,Belgaum,Kudachi,Kudichi,20.0,2.380000114
Karnataka,Belgaum,Belgaum,Peerwadi,Piranwadi,8.1,3.130000114
Karnataka,Belgaum,Belgaum,Uchagaon,Uchagaon,18.8,4.929999828
Karnataka,Belgaum,Chikodi,Examba,Examba,13.0,6.599999905
Karnataka,Belgaum,Chikodi,Galatga,Galatga,16.0,11.30000019
Karnataka,Belgaum,Chikodi,Kabbur,Kabbur,18.0,8.56000042
Karnataka,Belgaum,Chikodi,Rupnal,Rupnal,12.77,4.5
Karnataka,Belgaum,Chikodi,Saundalga,Soundalga1,10.35,6.239999771
Karnataka,Belgaum,Gokak,Arabhavi,Arabhavi,10.0,3.799999952
Karnataka,Belgaum,Gokak,Mamadapur,Mamadapur,18.47,12.34000015
Karnataka,Belgaum,Gokak,Partmanahalli,Parthanhalli,9.25,3.940000057
Karnataka,Belgaum,Hukeri,Bagewadi,Bellad bagewadi,13.84,1.419999957
Karnataka,Belgaum,Hukeri,Gotur,Gotur,13.16,4.400000095
Karnataka,Belgaum,Hukeri,Hukeri,Hukeri1,13.92,7.800000191
Karnataka,Belgaum,Hukeri,Hulloli,Hulloli,11.91,2.230000019
Karnataka,Belgaum,Khanapur,Khanapur,Khanapur1,13.14,9.68999958
Karnataka,Belgaum,Parasgad,Halaki,Hallakki,17.0,7.75
Karnataka,Belgaum,Parasgad,Saundatti,Saundatti,18.84,4.329999924
Karnataka,Belgaum,Raybag,Ainapur,Ainapur,14.64,1.600000024
Karnataka,Belgaum,Raybag,Rayabag,Rayabag1,10.8,7.0
Karnataka,Belgaum,Raybag,Yebaratti,Yebaratti,17.0,9.899999619
Karnataka,Belgaum,Raybag,Yedrav,Yedrav,13.5,9.199999809
Karnataka,Belgaum,Sampgaon,Sutagatti,Sutagatti1,17.5,8.079999924
Karnataka,Bijapur,Basavana bagevadi,Ingaleshwar,Ingaleshwar,11.5,3.670000076
Karnataka,Bijapur,Basavana bagevadi,Kolhar,Kolhar,11.0,2.400000095
Karnataka,Bijapur,Basavana bagevadi,Nidagundi,Nidagundi,15.0,5.21999979
Karnataka,Bijapur,Basavana bagevadi,Satihal,Satihal,8.38,5.960000038
Karnataka,Bijapur,Bijapur,Honnutagi,Honnutagi,16.59,5.269999981
Karnataka,Bijapur,Bijapur,Shivangi,Shivangi,7.1,5.440000057
Karnataka,Bijapur,Indi,Bardol,Bardol,8.48,7.480000019
Karnataka,Bijapur,Indi,Chadchan,Chadchan,9.5,6.320000172
Karnataka,Bijapur,Indi,Halsangi,Halsangi,10.67,5.800000191
Karnataka,Bijapur,Indi,Newdhulikhed,Newdhulikhed,11.6,2.5
Karnataka,Bijapur,Indi,Satalagaon,Satalagaon,9.0,7.1
Karnataka,Bijapur,Muddebihal,Nebageri,Nebageri,9.74,4.340000153
Karnataka,Bijapur,Muddebihal,Tangadgi,Tangadgi,10.83,3.349999905
Karnataka,Bijapur,Sindgi,Deur tanda,Deur tanda,8.1,4.519999981
Karnataka,Bijapur,Sindgi,Devanagao,Devanagao,11.03,9.720000267
Karnataka,Bijapur,Sindgi,Hanchali,Hanchali,13.5,8.979999542
Karnataka,Bijapur,Sindgi,Pettepur,Pettepur,7.5,6.039999962
Karnataka,Bijapur,Sindgi,Vibhutihalli,Vibhutihalli,6.44,3.94
Karnataka,Chamarajanagara,Gundlupet,Devalapura,Devalapura,12.93,4.130000114
Karnataka,Chamarajanagara,Kollegal,Kunthur,Kunthur,12.02,3.730000019
Karnataka,Chitradurga,Chitradurga,Siddavvanadurga,Siddavvanadurga,12.23,2.5
Karnataka,Chitradurga,Hiriyur,Hartikote,Hartikote,15.65,4.650000095
Karnataka,Chitradurga,Holalkere,Arehalli,Arehalli,12.7,5.019999981
Karnataka,Chitradurga,Holalkere,Dummi,Dummi,16.5,2.599999905
Karnataka,Chitradurga,Holalkere,R.nulenur,R.nulenur,8.5,4.449999809
Karnataka,Dakshin kannada,Bantval,Bantwal,Bantwal1,10.6,3.700000048
Karnataka,Dakshin kannada,Bantval,Kalladka,Kalladka,11.2,4.139999866
Karnataka,Dakshin kannada,Bantval,Kudupadaru,Kudupadaru,13.36,3.72
Karnataka,Dakshin kannada,Bantval,Mittur,Mittur,10.0,4.199999809
Karnataka,Dakshin kannada,Beltangadi,Alandangadi,Alandangadi,13.0,3.75
Karnataka,Dakshin kannada,Beltangadi,Belthangadi,Belthangadi,50.0,4.119999886
Karnataka,Dakshin kannada,Beltangadi,Belthangadi,Belthangadi1,11.03,4.670000076
Karnataka,Dakshin kannada,Beltangadi,Venur,Venur,14.0,7.130000114
Karnataka,Dakshin kannada,Mangalore,Adya,Adyar,7.43,1.700000048
Karnataka,Dakshin kannada,Mangalore,Haleangady,Haleangady,9.86,4.400000095
Karnataka,Dakshin kannada,Mangalore,Talapady,Talapady,11.25,8.199999809
Karnataka,Dakshin kannada,Puttur,Puttur,Puttur1,14.5,9.359999657
Karnataka,Dakshin kannada,Sulya,Aranthodu,Aranthodu,20.0,10.56999969
Karnataka,Dakshin kannada,Sulya,Balpa,Balpa,12.57,7.599999905
Karnataka,Dakshin kannada,Sulya,Bellare,Bellare,16.5,9.100000381
Karnataka,Dakshin kannada,Sulya,Jalsur,Jalsur,12.1,6.0
Karnataka,Dakshin kannada,Sulya,Subramanya,Subramanya1,9.0,6.239999771
Karnataka,Davanagere,Channagiri,Daginakatte,Daginakatte,17.8,2.200000048
Karnataka,Davanagere,Channagiri,Kanivebilachi,Kanivebilachi,6.0,2.0
Karnataka,Davanagere,Channagiri,Santhebennur,Santhebennur,14.5,2.579999924
Karnataka,Davanagere,Channagiri,Thyavanige,Thyavanige,11.0,2.299999952
Karnataka,Davanagere,Harihar,Malebennur,Malebennur,10.26,5.0
Karnataka,Davanagere,Harihar,Vasana,Vasana,14.04,3.140000105
Karnataka,Gadag,Gadag,Hulkoti,Hulkoti,13.03,2.299999952
Karnataka,Gadag,Ron,Belavaniki,Belavaniki,11.97,5.300000191
Karnataka,Gadag,Shirhatti,Chabbi,Chabbi,13.0,4.449999809
Karnataka,Gadag,Shirhatti,Magdi,Magdi,14.5,7.25
Karnataka,Gadag,Shirhatti,Ramgeri,Ramgeri,29.0,3.299999952
Karnataka,Gadag,Shirhatti,Shirhatti,Shirhatti1,12.84,6.099999905
Karnataka,Kalaburagi,Afzalpur,Afzalpur,Afzalpur1,14.9,9.100000381
Karnataka,Kalaburagi,Aland,Gola b,Pathan,12.07,6.400000095
Karnataka,Kalaburagi,Aland,Hithal sirur,Battarga,16.25,6.900000095
Karnataka,Kalaburagi,Aland,Karhari,Karahari,14.25,5.099999905
Karnataka,Kalaburagi,Aland,Nimberga,Nimbarga,14.5,8.199999809
Karnataka,Kalaburagi,Chincholi,Ainapur,Ainapur1,9.0,6.400000095
Karnataka,Kalaburagi,Chincholi,Anwar,Chincholi,13.4,4.900000095
Karnataka,Kalaburagi,Chincholi,Kallur,Kallur,12.2,5.099999905
Karnataka,Kalaburagi,Chincholi,Narnal,Moghe,9.25,2.0
Karnataka,Kalaburagi,Chincholi,Ranapur,Sasargaon,9.79,1.299999952
Karnataka,Kalaburagi,Jevargi,Revnnor,Revannur,8.17,2.599999905
Karnataka,Kalaburagi,Jevargi,Soan,Sona,21.72,3.799999952
Karnataka,Kalaburagi,Jevargi,Yalwar,Chigerahalli,12.2,2.700000048
Karnataka,Kalaburagi,Kamalapur,Marguthi,Margutti,19.12,2.950000048
Karnataka,Kalaburagi,Kamalapur,Salgera,Salgar,12.02,2.400000095
Karnataka,Kalaburagi,Shahpur,Doranhalli,Doranahalli,8.11,2.0
Karnataka,Kalaburagi,Shahpur,Khanapur,Khanapur2,11.0,7.199999809
Karnataka,Kalaburagi,Shahpur,Madkeri,Madarki,9.2,4.400000095
Karnataka,Kalaburagi,Shahpur,Mudbal,Mudbal,16.9,4.400000095
Karnataka,Kalaburagi,Shahpur,Naikal,Naikal,9.43,3.2
Karnataka,Kalaburagi,Shorapur,Kakkera,Kakkeri,20.0,7.300000191
Karnataka,Kalaburagi,Yadgir,Gurmatkal,Gurmitkal1,14.2,4.0
Karnataka,Kalaburagi,Yadrami,Alur,Alur2,13.25,6.199999809
Karnataka,Kalaburagi,Yadrami,Mallabad,Ukinal,25.5,4.699999809
Karnataka,Kodagu,Madikeri,Bhagamandala,Bhagamandala1,7.5,5.679999828
Karnataka,Kodagu,Madikeri,Cheyyandane,Cheyyandane,14.0,12.67000008
Karnataka,Kodagu,Madikeri,Heravanadu,Heravanadu,10.98,6.019999981
Karnataka,Kodagu,Madikeri,Napoklu,Napoklu,12.5,8.819999695
Karnataka,Kodagu,Madikeri,Suntikoppa,Suntikoppa,8.6,4.400000095
Karnataka,Kodagu,Somvarpet,Igoor,Igoor,6.32,6.210000038
Karnataka,Kodagu,Somvarpet,Kodlipet,Kodlipet,13.6,7.869999886
Karnataka,Kodagu,Somvarpet,Madalapura,Madalapura,7.8,6.840000153
Karnataka,Kodagu,Somvarpet,Nanjarajpatna,Nanjarajpatna,8.5,2.25
Karnataka,Kodagu,Somvarpet,Shanivarasante,Shanivarasante,14.87,5.75
Karnataka,Kodagu,Somvarpet,Somvarpet,Somvarpet1,17.97,4.78000021
Karnataka,Kodagu,Virajpet,Ammatti,Ammatti,14.2,4.519999981
Karnataka,Kodagu,Virajpet,Gonikoppal,Gonikoppal,9.47,3.869999886
Karnataka,Kodagu,Virajpet,Hudikeri,Hudikeri,15.5,4.559999943
Karnataka,Kolar,Gauribidanur,Pura,Pura,7.5,1.870000005
Karnataka,Koppal,Koppal,Bandiharlapur,Hosabandiharlapur,7.8,1.1
Karnataka,Koppal,Koppal,Hoshalli,Hoshalli,22.0,1.8
Karnataka,Mandya,Maddur,Kawdley,Kawdley,16.1,5.619999886
Karnataka,Mandya,Maddur,Koppa,Koppa1,10.04,3.099999905
Karnataka,Mandya,Maddur,Maddur,Maddur2,4.5,1.850000024
Karnataka,Mandya,Mandya,Basaralu,Basaralu,12.0,1.190000057
Karnataka,Mandya,Nagamangala,Nagamangala,Nagamangala2,9.8,2.0
Karnataka,Mandya,Nagamangala,Nelligere,Nelligere,11.0,3.079999924
Karnataka,Mandya,Shrirangapattana,Arakere,Arakere1,20.0,1.720000029
Karnataka,Mandya,Shrirangapattana,Mahadevapura,Mahadevapura1,21.0,5.320000172
Karnataka,Mandya,Shrirangapattana,Mandya koppalu,Mandya koppalu,12.6,1.399999976
Karnataka,Mandya,Shrirangapattana,Naguvanahalli,Naguvanahalli,4.6,1.350000024
Karnataka,Mysore,Heggadadevankote,Saragur,Saragur,17.0,4.699999809
Karnataka,Mysore,Nanjangud,Hullahalli,Hullahalli,10.65,3.470000029
Karnataka,Mysore,Tirumakudal-narsipur,Somanathapura,Somanathapura,17.25,0.0
Karnataka,Raichur,Devadurga,Kakargal,Kakargal,12.9,8.899999619
Karnataka,Raichur,Manvi,Bagalwad,Bagalwad,7.15,1.799999952
Karnataka,Raichur,Manvi,Hirekotankal,Hirekotankal,8.0,2.549999952
Karnataka,Raichur,Sindhnur,Turvihal,Turvihal,7.84,2.700000048
Karnataka,Shivamogga,Bhadravati,Bhadravati,Bhadravati1,8.25,1.0
Karnataka,Shivamogga,Bhadravati,Melinahanasavadi,Melinahanasavadi,8.5,1.820000052
Karnataka,Shivamogga,Hosanagara,Hosanagara,Hosanagara1,14.0,9.600000381
Karnataka,Shivamogga,Hosanagara,Humacha,Humacha,10.4,4.420000076
Karnataka,Shivamogga,Sagar,Anandapuram,Anandapuram,11.05,5.25
Karnataka,Shivamogga,Sagar,Sagar,Sagar,11.6,5.25
Karnataka,Shivamogga,Sagar,Talaguppa,Talaguppa1,12.5,6.199999809
Karnataka,Shivamogga,Shimoga,Ayanur,Ayanur,17.85,1.929999948
Karnataka,Shivamogga,Shimoga,Gajanur,Gajanur,19.5,1.75
Karnataka,Shivamogga,Shimoga,Pillangere,Pillangere,22.0,1.840000033
Karnataka,Shivamogga,Shimoga,Tevarachatnahalli,Tevarachatnahalli,23.0,7.300000191
Karnataka,Shivamogga,Sorab,Chandraguthi,Chandraguthi,10.75,6.0
Karnataka,Shivamogga,Sorab,Sorab,Sorab,22.88,16.30999947
Karnataka,Shivamogga,Tirthahalli,Guddekoppa,Guddekoppa,18.0,8.899999619
Karnataka,Shivamogga,Tirthahalli,Kodur,Kodur1,14.81,8.550000191
Karnataka,Tumkur,Chiknayakanhalli,Mattighatta,Mattighatta,9.5,3.640000105
Karnataka,Tumkur,Koratagere,Nagenahalli,Nagenahalli,10.0,4.650000095
Karnataka,Tumkur,Madhugiri,Bidarakere,Bidarakere1,13.86,4.03000021
Karnataka,Tumkur,Madhugiri,Madhugiri,Madhugiri,13.0,3.650000095
Karnataka,Tumkur,Madhugiri,Midigeshi,Midigeshi,10.0,2.950000048
Karnataka,Tumkur,Pavagada,Palavalli,Palavalli,12.64,6.199999809
Karnataka,Tumkur,Tiptur,Nonavinakere,Nonavinakere,12.6,2.480000019
Karnataka,Tumkur,Tumkur,Siddagangamatha,Siddagangamatha,13.0,4.099999905
Karnataka,Tumkur,Turuvekere,Turuvekere,Turuvekere,12.8,4.21999979
Karnataka,Udupi,Kundapura,Ardi,Ardi,13.0,8.1
Karnataka,Udupi,Kundapura,Baindur,Baindur 1,12.0,1.100000024
Karnataka,Udupi,Kundapura,Kirimanjeshwar,Kirimanjeshwar,8.0,5.050000191
Karnataka,Udupi,Kundapura,Kollur,Kollur1,13.18,11.39999962
Karnataka,Udupi,Kundapura,Shankarnarayana,Shankarnarayana,12.15,10.19999981
Karnataka,Udupi,Kundapura,Siddapura,Siddapura1,14.0,7.699999809
Karnataka,Udupi,Kundapura,Wandse,Vandse,10.0,5.900000095
Karnataka,Udupi,Udupi,Goliangadi,Goliangadi,14.64,8.279999733
Karnataka,Udupi,Udupi,Kota,Kota,9.0,3.299999952
Karnataka,Udupi,Udupi,Malpe,Malpe,6.5,3.569999933
Karnataka,Udupi,Udupi,Udupi,Udupi,15.3,11.80000019
Karnataka,Uttara kannada,Ankola,Ankola,Ankola1,13.0,5.150000095
Karnataka,Uttara kannada,Ankola,Belekeri,Belekeri,9.25,7.050000191
Karnataka,Uttara kannada,Bhatkal,Manki,Manki1,12.23,6.35
Karnataka,Uttara kannada,Bhatkal,Murudeswar,Murudeswar,7.16,5.0
Karnataka,Uttara kannada,Honavar,Chandavar,Chandavar,9.8,6.25
Karnataka,Uttara kannada,Honavar,Haldipur,Haldipur,6.84,3.450000048
Karnataka,Uttara kannada,Karwar,Karwar,Karwar1,4.45,3.099999905
Karnataka,Uttara kannada,Karwar,Majali,Majali,4.41,1.700000048
Karnataka,Uttara kannada,Karwar,Sadashivgad,Sadashivgad,4.7,2.170000076
Karnataka,Uttara kannada,Kumta,Kumta,Kumta1,14.35,7.349999905
Karnataka,Uttara kannada,Mundgod,Malgi,Malgi,15.63,8.15
Karnataka,Uttara kannada,Siddapur,Bilgi,Bilgi1,14.0,11.39000034
Karnataka,Uttara kannada,Siddapur,Dodmane,Dodmane,8.71,4.800000191
Karnataka,Uttara kannada,Siddapur,Kansur,Kansur1,8.62,6.05
Karnataka,Uttara kannada,Siddapur,Siddapur,Siddapur2,14.9,7.650000095
Karnataka,Uttara kannada,Sirsi,Banavasi,Banavasi,19.0,16.31999969
Karnataka,Uttara kannada,Sirsi,Bandal,Bandal,11.1,6.420000076
Karnataka,Uttara kannada,Sirsi,Yekkambi,Yekkambi,11.8,6.849999905
Madhya pradesh,Agar malwa,Agar,Amla,Amla,14.0,2.149999857
Madhya pradesh,Agar malwa,Barod,Barod,Barod,11.55,4.610000134
Madhya pradesh,Agar malwa,Barod,Madkotra,Matkotra,21.0,5.459999561
Madhya pradesh,Agar malwa,Susner,Guradi bangla,Guradi bangla,16.3,8.359999657
Madhya pradesh,Agar malwa,Susner,Soyat,Soyat,16.0,8.300000191
Madhya pradesh,Alirajpur,Alirajpur,Alirajpur,Alirajpur,14.13,3.25
Madhya pradesh,Alirajpur,Alirajpur,Borkua,Borkua,9.08,2.1000001
Madhya pradesh,Alirajpur,Katthiwada,Chandpur,Chandpur,11.1,3.500000238
Madhya pradesh,Alirajpur,Katthiwada,Kathiwara,Kathiwara,11.5,0.699999928
Madhya pradesh,Anuppur,Anuppur,Jhiriyatola,Jhiriyatola,12.35,2.940000057
Madhya pradesh,Anuppur,Anuppur,Kotma,Kotma,10.1,4.78000021
Madhya pradesh,Anuppur,Jaithari,Dhangaon,Dhangaon,10.0,2.210000038
Madhya pradesh,Anuppur,Jaithari,Kerar,Kerar,11.0,2.939999819
Madhya pradesh,Anuppur,Jaithari,Lapta,Lapta,7.0,1.649999976
Madhya pradesh,Anuppur,Pusprajgarh,Piparaha,Piparaha,8.5,1.98999989
Madhya pradesh,Anuppur,Pusprajgarh,Rajendra gram,Rajendra gram,11.72,2.149999857
Madhya pradesh,Ashok nagar,Ashok nagar,Ashoknagar,Ashoknagar(d),67.55,10.98999977
Madhya pradesh,Ashok nagar,Chanderi,Chanderi,Chanderi(d),61.4,3.560000181
Madhya pradesh,Ashok nagar,Chanderi,Chanderi,Chanderi,15.0,4.199999809
Madhya pradesh,Ashok nagar,Chanderi,Piprod,Piprod(s),40.0,4.559999943
Madhya pradesh,Ashok nagar,Essagarh,Dhakoni,Dhakoni,9.4,3.559999943
Madhya pradesh,Ashok nagar,Mungaoli,Bahadurpur,Bahadurpur,19.5,13.39999962
Madhya pradesh,Ashok nagar,Mungaoli,Mungaoli,Mungaoli,10.85,0.899999976
Madhya pradesh,Balaghat,Baihar,Baihar,Baihar(d),58.2,4.129999638
Madhya pradesh,Balaghat,Baihar,Bhaisanghat,Bhaisanghat,7.5,0.740000069
Madhya pradesh,Balaghat,Baihar,Jawaditula,Jawaditula,10.0,0.759999931
Madhya pradesh,Balaghat,Baihar,Laugur,Laugur,12.0,3.220000029
Madhya pradesh,Balaghat,Baihar,Mukki,Mukki,9.5,1.969999909
Madhya pradesh,Balaghat,Baihar,Samnapur,Samnapur,13.65,1.600000024
Madhya pradesh,Balaghat,Birsa,Damoh,Damoh(s),33.15,1.50999999
Madhya pradesh,Balaghat,Birsa,Saletekhri,Saletekhri,12.05,2.849999905
Madhya pradesh,Balaghat,Katangi,Katedhara,Katedhara,8.5,0.399999946
Madhya pradesh,Balaghat,Khairlanji,Bonkatta,Bonkatta,9.75,1.929999948
Madhya pradesh,Balaghat,Khairlanji,Garraghoda,Garraghoda,17.43,2.329999924
Madhya pradesh,Balaghat,Khairlanji,Miragpur,Miragpur,11.02,1.800000072
Madhya pradesh,Balaghat,Khairlanji,Rampalli,Rampalli,7.98,5.5
Madhya pradesh,Balaghat,Lanji,Bhanegaon,Bhanegaon,14.5,7.640000343
Madhya pradesh,Balaghat,Paraswada,Bagholi,Bagholi,8.5,1.379999995
Madhya pradesh,Balaghat,Paraswada,Paraswara,Paraswara,9.35,1.900000095
Madhya pradesh,Balaghat,Paraswada,Rangpatbaba,Rangpatbaba,9.0,0.329999983
Madhya pradesh,Balaghat,Waraseoni,Kochwahi,Kochwahi,7.3,0.83
Madhya pradesh,Balaghat,Waraseoni,Newargaon,Newargaon,10.6,3.950000048
Madhya pradesh,Barwani,Rajpur,Balsamond,Balsamund,12.5,4.099999905
Madhya pradesh,Barwani,Rajpur,Baruphatak,Baruphatak,15.0,6.050000191
Madhya pradesh,Barwani,Rajpur,Julwania,Julwania,13.35,1.850000143
Madhya pradesh,Betul,Betul,Kolgaon,Kolgaon,14.46,3.199999809
Madhya pradesh,Betul,Bhainsdehi,Bhainsdehi,Bhainsdehi1,14.0,2.099999905
Madhya pradesh,Betul,Bhainsdehi,Gudagaon,Gudagaon,11.5,1.860000014
Madhya pradesh,Betul,Bhainsdehi,Jhallar,Jhallar,14.8,0.460000038
Madhya pradesh,Betul,Bhainsdehi,Kotal kund,Kotal kund,10.61,5.599999905
Madhya pradesh,Betul,Ghora dongri,Sarni,Sarni,20.0,3.649999857
Madhya pradesh,Betul,Multai,Ghatpiparia,Ghatpiparia,16.0,4.880000114
Madhya pradesh,Betul,Multai,Junapani,Junapani,15.0,1.25
Madhya pradesh,Betul,Multai,Kapasia,Kapasia,15.83,1.5
Madhya pradesh,Betul,Multai,Sasundra,Sasundra,15.0,3.299999952
Madhya pradesh,Betul,Prabhat pattam,Pattan,Pattan,15.0,1.800000072
Madhya pradesh,Betul,Shahpur,Bhonra,Bhonra,10.5,2.549999952
Madhya pradesh,Betul,Shahpur,Shahpur,Shahpur,11.9,3.970000267
Madhya pradesh,Bhind,Gohad,Mau,Mau,13.0,0.0
Madhya pradesh,Bhind,Mehgaon,Mehgaon,Mehgaon,12.5,5.099999905
Madhya pradesh,Bhopal,Berasia,Berasia,Berasia,18.95,4.190000057
Madhya pradesh,Bhopal,Berasia,Nagirabad,Nagirabad,9.6,5.150000095
Madhya pradesh,Bhopal,Phanda,Bilkhiria,Bilkhiria,11.98,0.600000024
Madhya pradesh,Bhopal,Phanda,Islamnagar,Islamnagar,18.8,10.80000019
Madhya pradesh,Burhanpur,Burhanpur,Dehnala,Dehnala,11.5,4.949999809
Madhya pradesh,Burhanpur,Burhanpur,Ichchapur,Ichchapur,15.5,7.579999924
Madhya pradesh,Burhanpur,Khaknar,Nepa nagar,Nepa nagar,8.5,2.12
Madhya pradesh,Chhatarpur,Bada malhara,Sadwa,Sadwa,9.3,4.860000134
Madhya pradesh,Chhatarpur,Bada malhara,Sendpa,Sendpa,12.0,2.579999924
Madhya pradesh,Chhatarpur,Bakswaha,Buxwaha,Buxwaha,17.5,3.549999952
Madhya pradesh,Chhatarpur,Bijawar,Bijawar,Bijawar,15.8,7.150000572
Madhya pradesh,Chhatarpur,Bijawar,Gulganj,Gulganj,14.5,4.9100003
Madhya pradesh,Chhatarpur,Bijawar,Khair kalan,Khair kalan,17.0,3.410000086
Madhya pradesh,Chhatarpur,Bijawar,Tapra,Tapra,12.5,9.570000648
Madhya pradesh,Chhatarpur,Eshanagar,Maharajpur,Maharajpur,16.5,11.31000042
Madhya pradesh,Chhatarpur,Eshanagar,Matgawan,Matgawan,15.1,5.599999905
Madhya pradesh,Chhatarpur,Eshanagar,Niwari,Niwari1,14.7,1.869999886
Madhya pradesh,Chhatarpur,Gaurihar,Gaurihar,Gaurihar,20.3,4.930000305
Madhya pradesh,Chhatarpur,Gaurihar,Sarwai,Sarwai,9.5,1.879999876
Madhya pradesh,Chhatarpur,Laundi,Chandla,Chandla,10.5,5.509999752
Madhya pradesh,Chhatarpur,Nowgaon,Nowgaon,Nowgaon,12.5,6.75
Madhya pradesh,Chhatarpur,Rajnagar,Chandra nagar,Chandra nagar,14.0,1.059999943
Madhya pradesh,Chhatarpur,Rajnagar,Ganj,Ganj,14.13,3.74000001
Madhya pradesh,Chhatarpur,Rajnagar,Kurri,Kurri,9.5,3.74000001
Madhya pradesh,Chhindwara,Amarwara,Singhori,Singhori,11.5,2.130000114
Madhya pradesh,Chhindwara,Chaurai,Chaurai,Chaurai1,13.93,1.880000114
Madhya pradesh,Chhindwara,Chhindwara,Saonri,Saonri1,11.0,0.850000024
Madhya pradesh,Chhindwara,Harai,Kundali,Kundali,10.5,7.119999886
Madhya pradesh,Chhindwara,Jamai,Jamai,Jamai,16.0,8.710000038
Madhya pradesh,Chhindwara,Mohkhera,Goni,Goni,22.63,7.100000381
Madhya pradesh,Chhindwara,Mohkhera,Linga rly.stn.,Linga rly.stn.,17.2,2.089999914
Madhya pradesh,Chhindwara,Mohkhera,Sarangbheri,Sarangbheri,21.0,2.099999905
Madhya pradesh,Chhindwara,Pandhurana,Bangaon,Bangaon1,10.75,2.399999857
Madhya pradesh,Chhindwara,Pandhurana,Mohi,Mohi,13.0,3.149999857
Madhya pradesh,Chhindwara,Pandhurana,Piplanarayanwar,Piplanarayanwar,16.5,7.300000191
Madhya pradesh,Chhindwara,Pandhurana,Rajna,Rajna,18.75,1.519999981
Madhya pradesh,Chhindwara,Parasia,Lahgudna,Lahgudna,10.5,0.939999998
Madhya pradesh,Chhindwara,Sausar,Sausar,Sausar,18.75,8.069999695
Madhya pradesh,Chhindwara,Sausar,Silwanighati,Silwanighati,10.9,2.700000048
Madhya pradesh,Chhindwara,Tamia,Chhindi,Chhindi,11.0,0.859999955
Madhya pradesh,Chhindwara,Tamia,Mahaljhir,Mahaljhir,19.5,0.149999946
Madhya pradesh,Chhindwara,Tamia,Renikhera,Renikhera,17.0,1.120000005
Madhya pradesh,Damoh,Damoh,Abhana,Abhana,15.15,2.629999876
Madhya pradesh,Damoh,Damoh,Damoh,Damoh(d),80.0,1.24000001
Madhya pradesh,Damoh,Damoh,Hindoria,Hindoria,10.4,1.819999933
Madhya pradesh,Damoh,Damoh,Palar,Palar,13.9,1.750000119
Madhya pradesh,Damoh,Damoh,Piparia,Piparia,12.0,4.449999809
Madhya pradesh,Damoh,Hata,Gaisabad,Gaisabad,9.1,0.550000012
Madhya pradesh,Damoh,Hata,Hardua,Hardua,12.0,0.620000064
Madhya pradesh,Damoh,Jabera,Jabera,Jabera(d),49.25,11.11999989
Madhya pradesh,Damoh,Jabera,Jabera,Jabera1,15.1,4.849999905
Madhya pradesh,Damoh,Patera,Majhgawa,Majhgawa,12.5,1.799999952
Madhya pradesh,Damoh,Patera,Patera,Patera(d),120.0,2.809999943
Madhya pradesh,Damoh,Tendukheda,Tendukheda,Tendukheda2,15.6,3.29
Madhya pradesh,Datia,Bhander,Pandokhar,Pandokhar,19.7,12.36999989
Madhya pradesh,Datia,Datia,Ruduapura,Ruduapura,11.25,7.199999809
Madhya pradesh,Dewas,Bagli,Bagli,Bagli1,13.5,2.360000134
Madhya pradesh,Dewas,Bagli,Bamohri,Bamohri,12.5,6.300000191
Madhya pradesh,Dewas,Bagli,Bhikupura,Bhikupura,10.65,3.389999866
Madhya pradesh,Dewas,Bagli,Karnawad,Karnawad,17.0,3.279999971
Madhya pradesh,Dewas,Bagli,Nevri,Nevri,13.5,8.100000381
Madhya pradesh,Dewas,Bagli,Pipri,Pipri,15.0,5.930000305
Madhya pradesh,Dewas,Bagli,Punjapura,Punjapura,9.95,1.420000076
Madhya pradesh,Dewas,Dewas,Dewas,Dewas,16.9,2.599999905
Madhya pradesh,Dewas,Kannod,Bijawad,Bijawad,6.5,1.900000095
Madhya pradesh,Dewas,Kannod,Bijawad(d),Bijawad(d),60.92,1.840000153
Madhya pradesh,Dewas,Kannod,Kannod,Kannod,16.55,5.480000019
Madhya pradesh,Dewas,Kannod,Kantaphor,Kantaphor,8.25,5.019999981
Madhya pradesh,Dewas,Khategaon,Pipilianankar,Pipilianankar,15.0,2.600000143
Madhya pradesh,Dewas,Sonkatch,Bhonrasa,Bhonrasa,25.3,9.429999352
Madhya pradesh,Dewas,Sonkatch,Sonkutch(d),Sonkutch(d),106.68,18.48000145
Madhya pradesh,Dhar,Badnawar,Chayan,Chayan,11.77,3.6499999
Madhya pradesh,Dhar,Dhar,Dhar,Dhar,14.68,4.099999905
Madhya pradesh,Dhar,Dharampuri,Dharampuri,Dharampuri1,22.0,14.55000019
Madhya pradesh,Dhar,Dharampuri,Gujri,Gujri1,14.75,4.449999809
Madhya pradesh,Dhar,Gandhwani,Zeerabad,Zeerabad,15.42,2.75
Madhya pradesh,Dhar,Kukshi,Dhulsar,Dhulsar,13.9,3.600000143
Madhya pradesh,Dhar,Manawar,Gandhwani,Gandhwani,11.0,4.25
Madhya pradesh,Dhar,Manawar,Singhana,Singhana,10.63,2.049999952
Madhya pradesh,Dhar,Sardarpur,Amjhira,Amjhira,11.5,1.25
Madhya pradesh,Dhar,Sardarpur,Julana,Julana,17.5,0.629999995
Madhya pradesh,Dhar,Sardarpur,Rajod,Rajod,10.7,3.25
Madhya pradesh,Dhar,Sardarpur,Sardarpur,Sardarpur,15.19,1.449999928
Madhya pradesh,Dindori,Bajang,Gadasarai,Gadasarai,4.3,2.730000019
Madhya pradesh,Dindori,Dindori,Dindori,Dindori,10.5,1.450000048
Madhya pradesh,Dindori,Dindori,Salaiya,Salaiya,5.5,2.529999971
Madhya pradesh,Dindori,Karanjiya,Gorakhpur,Gorakhpur,8.8,0.979999959
Madhya pradesh,Dindori,Karanjiya,Karanjiya,Karanjiya,15.0,3.789999723
Madhya pradesh,Dindori,Shahpura,Katangi,Katangi1,7.2,1.519999981
Madhya pradesh,Dindori,Shahpura,Shahpura,Shahpura2,9.4,2.079999924
Madhya pradesh,Guna,Aron,Amlia,Amlia,18.91,11.2
Madhya pradesh,Guna,Bamori,Akoda,Akoda,9.0,1.399999976
Madhya pradesh,Guna,Chachaura,Khatkiya,Khatkiya,13.95,7.700000286
Madhya pradesh,Guna,Chachaura,Penchi,Penchi,15.5,10.10000038
Madhya pradesh,Guna,Guna,Rampur-ii,Rampur-ii,16.0,3.599999905
Madhya pradesh,Gwalior,Bhitarwar,Harsibandh,Harsibandh,12.82,9.109999657
Madhya pradesh,Gwalior,Ghatigaon,Aron,Aron,13.0,1.100000143
Madhya pradesh,Gwalior,Ghatigaon,Charai shyampur,Charai shyampur,10.18,2.340000153
Madhya pradesh,Gwalior,Ghatigaon,Ghantigaon,Ghantigaon,18.5,2.220000029
Madhya pradesh,Gwalior,Ghatigaon,Mohana,Mohana(s),37.1,1.569999933
Madhya pradesh,Gwalior,Ghatigaon,Mohna,Mohna,11.5,0.300000042
Madhya pradesh,Gwalior,Morar,Behat,Behat,30.0,16.69000053
Madhya pradesh,Gwalior,Morar,Gwalior,Gwalior(s),40.85,21.06999969
Madhya pradesh,Harda,Harda,Handia,Handia,13.6,6.050000191
Madhya pradesh,Harda,Khirkiya,Mandla,Mandla,11.9,6.699999809
Madhya pradesh,Harda,Timarni,Chhidgaon,Chhidgaon,6.5,3.0
Madhya pradesh,Harda,Timarni,Mohanpur,Mohanpur1,15.75,8.380000114
Madhya pradesh,Harda,Timarni,Temagaon,Temagaon,27.0,10.09999943
Madhya pradesh,Hoshangabad,Babai,Baharpur,Baharpur,12.5,8.949999809
Madhya pradesh,Hoshangabad,Hoshangabad,Sanwalkhera,Sanwalkhera,10.2,4.099999905
Madhya pradesh,Hoshangabad,Kesla,Sankhera,Sonkhera,7.5,1.599999905
Madhya pradesh,Hoshangabad,Kesla,Suktawa,Suktawa,13.5,1.029999971
Madhya pradesh,Hoshangabad,Pipariya,Matkuli,Matkuli,20.65,6.300000191
Madhya pradesh,Hoshangabad,Pipariya,Pachmarhi,Pachmarhi,16.15,0.98999995
Madhya pradesh,Hoshangabad,Seoni malwa,Bhilatdeo,Bhilatdeo,16.0,5.789999962
Madhya pradesh,Hoshangabad,Seoni malwa,Seonimalwa,Seonimalwa,9.0,4.620000362
Madhya pradesh,Hoshangabad,Sohagpur,Semri harchand,Semri harchand,9.47,4.53000021
Madhya pradesh,Hoshangabad,Sohagpur,Sohagpur,Sohagpur,10.25,5.349999905
Madhya pradesh,Indore,Mhow,Mhow,Mhow,10.85,5.549999714
Madhya pradesh,Indore,Mhow,Nandpura,Nandpura,14.5,1.320000052
Madhya pradesh,Indore,Sawer,Sanwer,Sanwer,14.5,7.179999828
Madhya pradesh,Jabalpur,Jabalpur,Bargi,Bargi pz,80.0,7.569999695
Madhya pradesh,Jabalpur,Kundam,Bishanpura,Bishanpura,10.8,1.939999938
Madhya pradesh,Jabalpur,Majhauli,Majholi,Majholi,18.0,17.52000046
Madhya pradesh,Jabalpur,Shahpur,Shahpura,Shahpura,15.5,5.700000286
Madhya pradesh,Jhabua,Jhabua,Jhabua,Jhabua1,12.17,1.25
Madhya pradesh,Jhabua,Petlawad,Bamania,Bamania,9.47,2.850000143
Madhya pradesh,Jhabua,Petlawad,Petlabad,Petlabad,13.52,1.349999905
Madhya pradesh,Jhabua,Ranapur,Ranapur,Ranapur,8.5,0.0
Madhya pradesh,Jhabua,Ranapur,Tikadimoti,Tikadimoti,8.5,0.0
Madhya pradesh,Jhabua,Thandla,Thandla,Thandla1,9.8,2.599999905
Madhya pradesh,Katni,Badwara,Basadi,Basadi,18.91,6.890000343
Madhya pradesh,Katni,Badwara,Kewlari,Kewlari,11.5,0.0
Madhya pradesh,Katni,Badwara,Khitoli,Khitoli,10.5,3.920000076
Madhya pradesh,Katni,Dhimarkheda,Umariapan,Umariapan,13.0,2.569999933
Madhya pradesh,Katni,Katni,Katni,Katni1,17.0,2.349999905
Madhya pradesh,Katni,Katni,Majhgawan,Majhgawan1,13.65,6.820000172
Madhya pradesh,Katni,Rithi,Deogawan,Deogawan,14.0,5.639999866
Madhya pradesh,Katni,Rithi,Rithi,Rithi,14.0,1.98999989
Madhya pradesh,Katni,Vijay raghavgarh,Barchheka,Barchheka,17.07,10.25
Madhya pradesh,Katni,Vijay raghavgarh,Barhi,Barhi,15.99,6.329999924
Madhya pradesh,Katni,Vijay raghavgarh,Piparia,Piparia2,15.52,5.099999905
Madhya pradesh,Katni,Vijay raghavgarh,Ubra,Ubra,13.75,9.020000458
Madhya pradesh,Mandla,Bichhiya,Bichhia,Bichhia1,10.15,3.559999943
Madhya pradesh,Mandla,Bichhiya,Sijhora,Sijhora,10.5,1.779999971
Madhya pradesh,Mandla,Mandla,Devgaon,Devgaon,12.0,4.220000267
Madhya pradesh,Mandla,Mandla,Gwari,Gwari,15.2,2.339999914
Madhya pradesh,Mandla,Mandla,Khari,Khari,8.5,0.879999995
Madhya pradesh,Mandla,Mandla,Mahania patpara,Mahania patpara,7.5,1.370000005
Madhya pradesh,Mandla,Mandla,Mandla,Mandla1,17.5,3.819999933
Madhya pradesh,Mandla,Mandla,Padmi choraha,Padmi choraha,8.86,1.63
Madhya pradesh,Mandla,Mandla,Pathiri patpara,Pathiri patpara,6.8,3.63
Madhya pradesh,Mandla,Mandla,Ramnagar,Ramnagar1,10.5,2.089999914
Madhya pradesh,Mandla,Nainpur,Anjania,Anjania,13.35,0.659999967
Madhya pradesh,Mandla,Nainpur,Nainpur,Nainpur,10.3,1.879999995
Madhya pradesh,Mandla,Niwas,Manikpur,Manikpur,7.0,0.82000005
Madhya pradesh,Mandla,Niwas,Niwas,Niwas,9.0,2.279999971
Madhya pradesh,Mandsaur,Bhanpura,Babulda,Babulda,12.5,3.440000057
Madhya pradesh,Mandsaur,Bhanpura,Badodiya,Badodiya,15.0,3.869999886
Madhya pradesh,Mandsaur,Bhanpura,Bhanpura,Bhanpura,12.0,3.510000229
Madhya pradesh,Mandsaur,Bhanpura,Bhanpura(d),Bhanpura(d),101.0,15.62999916
Madhya pradesh,Mandsaur,Bhanpura,Dudhkheri,Dudhkheri,13.2,3.580000162
Madhya pradesh,Mandsaur,Garoth,Barkheranayak,Barkheranayak,19.0,5.829999924
Madhya pradesh,Mandsaur,Garoth,Dharmarajeswar,Dharmarajeswar,14.0,5.96999979
Madhya pradesh,Mandsaur,Garoth,Shamgarh,Shamgarh1,13.6,3.4300003
Madhya pradesh,Mandsaur,Malhargarh,Malhargarh,Malhargarh,12.5,2.890000105
Madhya pradesh,Mandsaur,Malhargarh,Narayangarh,Narayangarh,14.0,3.299999952
Madhya pradesh,Mandsaur,Malhargarh,Pipaliya,Pipaliya,15.0,3.87
Madhya pradesh,Mandsaur,Mandsaur,Basakheda,Basakheda,26.5,3.440000057
Madhya pradesh,Mandsaur,Mandsaur,Daloda,Daloda1,20.0,3.230000019
Madhya pradesh,Mandsaur,Mandsaur,Mandsaur,Mandsaur,17.75,3.299999952
Madhya pradesh,Mandsaur,Mandsaur,Nayakhera,Nayakhera,19.0,3.619999886
Madhya pradesh,Mandsaur,Sitamau,Surjani,Surjani,12.0,3.039999962
Madhya pradesh,Mandsaur,Sitamau,Suwasara,Suwasara,16.0,3.610000134
Madhya pradesh,Morena,Joura,Huseinpur,Huseinpur,11.5,12.57999992
Madhya pradesh,Morena,Pahadgarh,Pahargarh,Pahargarh,18.0,1.00999999
Madhya pradesh,Morena,Sabalgarh,Ranipura,Ranipura,15.5,6.300000191
Madhya pradesh,Narsimhapur,Chawarpatha,Gundrai(ii),Gundrai(ii),9.5,1.74000001
Madhya pradesh,Narsimhapur,Kareli,Betli,Betli,11.5,0.699999988
Madhya pradesh,Narsimhapur,Sainkheda,Deoribadwani,Deoribadwani,16.7,2.960000038
Madhya pradesh,Neemuch,Jawad,Ratangarh,Ratangarh,24.6,3.130000114
Madhya pradesh,Neemuch,Jawad,Singoli,Singoli,17.4,11.7300005
Madhya pradesh,Neemuch,Manasa,Chachor,Chachor,16.0,2.979999781
Madhya pradesh,Neemuch,Manasa,Gota pipliya,Gota pipliya,27.5,4.070000172
Madhya pradesh,Neemuch,Manasa,Jamalpura,Jamalpura,16.0,2.579999924
Madhya pradesh,Neemuch,Manasa,Rampura,Rampura,17.0,2.109999895
Madhya pradesh,Neemuch,Neemuch,Girdola,Girdola,20.0,4.430000305
Madhya pradesh,Neemuch,Neemuch,Neemuch,Neemuch,17.05,2.690000057
Madhya pradesh,Panna,Ajaigarh,Ajaigarh,Ajaigarh,16.5,8.449999809
Madhya pradesh,Panna,Ajaigarh,Bariyarpur,Bariyarpur,12.7,10.0
Madhya pradesh,Panna,Ajaigarh,Pandepurwa,Pandepurwa,9.05,4.549999714
Madhya pradesh,Panna,Gunnor,Amanganj,Amanganj,9.5,0.0
Madhya pradesh,Panna,Gunnor,Badagaon,Badagaon1,14.5,6.599999905
Madhya pradesh,Panna,Gunnor,Barrachh,Barrachh,11.5,8.720000267
Madhya pradesh,Panna,Gunnor,Gunaur,Gunaur,18.0,4.320000172
Madhya pradesh,Panna,Panna,Panna,Panna1,13.73,7.950000286
Madhya pradesh,Panna,Pawai,Powai,Powai,22.5,18.34999847
Madhya pradesh,Panna,Shahnagar,Mohendra,Mohendra,13.0,7.130000591
Madhya pradesh,Raisen,Baraily,Bori,Bari,12.0,2.779999971
Madhya pradesh,Raisen,Begamganj,Begumganj,Begumganj,14.0,2.25
Madhya pradesh,Raisen,Begamganj,Paloha,Paloha,11.9,0.859999955
Madhya pradesh,Raisen,Gairatganj,Dehgaon,Dehgaon,9.5,0.0
Madhya pradesh,Raisen,Gairatganj,Gairatganj,Gairatganj,11.05,2.25
Madhya pradesh,Raisen,Goharganj,Barkheda,Barkheda,15.0,3.099999905
Madhya pradesh,Raisen,Goharganj,Goharganj,Goharganj,19.3,3.25
Madhya pradesh,Raisen,Goharganj,Hathi palan,Hathi palan,7.65,1.4
Madhya pradesh,Raisen,Goharganj,Sultanpur,Sultanpur,7.0,0.449999988
Madhya pradesh,Raisen,Sanchi,Salamatpurchoraha,Salamatpurchoraha,9.5,2.200000048
Madhya pradesh,Raisen,Udaipura,Deori,Deori,14.25,1.230000019
Madhya pradesh,Raisen,Udaipura,Khiria,Khiria,12.9,1.830000043
Madhya pradesh,Rajgarh,Biaoraa,Biora,Biora,15.0,6.449999809
Madhya pradesh,Rajgarh,Biaoraa,Biora (d),Biora (d),112.0,6.680000305
Madhya pradesh,Rajgarh,Jirapur,Chhapihera,Chhapihera,30.0,0.0
Madhya pradesh,Rajgarh,Jirapur,Machalpur,Machalpur,15.78,4.170000076
Madhya pradesh,Rajgarh,Khilchipur,Khilchipur,Khilchipur,9.4,0.75000006
Madhya pradesh,Rajgarh,Narsingarh,Ganayari,Ganayari,12.6,5.46999979
Madhya pradesh,Rajgarh,Narsingarh,Gandhigram,Gandhigram,14.8,2.420000076
Madhya pradesh,Rajgarh,Narsingarh,Narsinghgarh(d),Narsinghgarh(d),80.0,12.09999943
Madhya pradesh,Rajgarh,Sarangpur,Sarangpur,Sarangpur,12.5,5.400000095
Madhya pradesh,Ratlam,Alot,Alot,Alot,25.0,3.9299998
Madhya pradesh,Ratlam,Alot,Tal,Tal,16.9,3.580000162
Madhya pradesh,Ratlam,Bajna,Rajapur,Rajapur,9.3,6.380000114
Madhya pradesh,Ratlam,Bajna,Raoti,Raoti1,14.6,5.360000134
Madhya pradesh,Ratlam,Jaora,Jaora,Jaora,17.3,2.109999895
Madhya pradesh,Ratlam,Sailana,Sailana,Sailana,15.9,7.400000095
Madhya pradesh,Ratlam,Sailana,Shivgarh,Shivgarh1,10.5,5.159999847
Madhya pradesh,Rewa,Hanumana,Hanumana,Hanumana,12.0,0.0
Madhya pradesh,Rewa,Jawa,Dabhoura,Dabhoura,12.5,0.0
Madhya pradesh,Rewa,Jawa,Panwar-d,Panwar-d,49.31,7.500000477
Madhya pradesh,Rewa,Mauganj,Khatkhari,Khatkhari,15.5,0.0
Madhya pradesh,Rewa,Mauganj,Pahadi,Pahadi,15.1,11.30000019
Madhya pradesh,Rewa,Mauganj,Sitapur,Sitapur,19.5,16.70000076
Madhya pradesh,Rewa,Naigarhi,Naigarhi,Naigarhi(s),37.11,19.69999886
Madhya pradesh,Rewa,Rewa,Raipur,Raipur,13.75,9.950000763
Madhya pradesh,Rewa,Rewa,Reethi,Reethi,13.0,7.579999924
Madhya pradesh,Rewa,Sirmour,Semaria,Semaria2,19.21,13.2699995
Madhya pradesh,Rewa,Sirmour,Sirmaur,Sirmaur(s),30.0,11.93999958
Madhya pradesh,Rewa,Teonthar,Teonthar,Teonthar(s),30.9,12.89999962
Madhya pradesh,Sagar,Banda,Banda,Banda,8.53,1.700000048
Madhya pradesh,Sagar,Banda,Prahlad pura,Prahlad pura,12.6,6.559999943
Madhya pradesh,Sagar,Deori,Deorikhas,Deorikhas,10.5,1.340000033
Madhya pradesh,Sagar,Jaisinagar,Jaisingh nagar,Jaisingh nagar,13.9,2.079999924
Madhya pradesh,Sagar,Jaisinagar,Sarkhedi,Sarkhedi,12.6,1.709999919
Madhya pradesh,Sagar,Kesli,Kesli,Kesli,12.1,1.110000014
Madhya pradesh,Sagar,Malthon,Bandri,Bandri,11.25,0.0
Madhya pradesh,Sagar,Malthon,Khimlasa,Khimlasa,9.0,0.059999991
Madhya pradesh,Sagar,Malthon,Naktapur,Naktapur,11.5,0.74000001
Madhya pradesh,Sagar,Rahatgarh,Hurra,Hurra,15.0,5.960000038
Madhya pradesh,Sagar,Rahatgarh,Jaruakhera,Jaruakhera,13.5,5.650000095
Madhya pradesh,Sagar,Rahatgarh,Naryawali,Naryawali,15.0,1.309999943
Madhya pradesh,Sagar,Rehli,Garhakota,Garhakota,19.0,9.979999542
Madhya pradesh,Sagar,Rehli,Garhakota(deep),Garhakota(deep),120.0,9.769999504
Madhya pradesh,Sagar,Rehli,Rehli,Rehli,20.5,0.869999945
Madhya pradesh,Sagar,Sagar,Parsoria,Parsoria,13.2,3.24000001
Madhya pradesh,Sagar,Sagar,Rehpura,Rehpura,9.5,2.670000076
Madhya pradesh,Sagar,Sagar,Sagar,Sagar,14.2,0.829999983
Madhya pradesh,Sagar,Sagar,Sagar(deep),Sagar(deep),98.0,19.6400013
Madhya pradesh,Sagar,Shahgarh,Hirapur,Hirapur,13.8,2.479999781
Madhya pradesh,Sagar,Shahgarh,Shahgarh,Shahgarh1,10.9,7.230000019
Madhya pradesh,Satna,Amarpatan,Kakra,Kakra,12.0,4.900000095
Madhya pradesh,Satna,Amarpatan,Mauhari katra,Mauhari katra,13.4,6.849999905
Madhya pradesh,Satna,Maihar,Amdara,Amdara,18.37,8.599999428
Madhya pradesh,Satna,Maihar,Kusendi,Kusendi,9.03,6.730000019
Madhya pradesh,Satna,Maihar,Rivara,Rivara,17.2,8.710000038
Madhya pradesh,Satna,Majhgawan,Chitrakoot,Chitrakoot,19.88,8.25
Madhya pradesh,Satna,Majhgawan,Majhagawa,Majhagawa,14.5,5.65
Madhya pradesh,Satna,Majhgawan,Majhgawan-d,Majhgawan-s,40.42,19.0
Madhya pradesh,Satna,Majhgawan,Nakaila,Nakaila,12.82,10.23999977
Madhya pradesh,Satna,Nagod,Jaso,Jaso,11.8,5.960000038
Madhya pradesh,Satna,Nagod,Nagod,Nagod,13.5,7.899999619
Madhya pradesh,Satna,Nagod,Pathraundha,Pathraundha,12.04,0.0
Madhya pradesh,Satna,Nagod,Singhpur,Singhpur,9.6,4.900000095
Madhya pradesh,Satna,Ramnagar,Gorsari,Gorsari,12.34,0.0
Madhya pradesh,Satna,Rampur baghelan,Birsinghpur,Birsinghpur,18.0,0.0
Madhya pradesh,Satna,Sohawal,Chorhata,Chorhata,12.1,5.539999962
Madhya pradesh,Satna,Sohawal,Kothi,Kothi,18.0,6.899999619
Madhya pradesh,Satna,Sohawal,Satna,Satna,25.0,9.849999428
Madhya pradesh,Satna,Unchahara,Pahari,Pahari,13.31,10.5
Madhya pradesh,Satna,Unchahara,Paras maniya,Paras maniya,12.04,7.809999943
Madhya pradesh,Satna,Unchahara,Pondipithourabd,Pondipithourabd,11.42,6.870000362
Madhya pradesh,Satna,Unchahara,Uchehara,Uchehara,15.0,9.61
Madhya pradesh,Sehore,Ichhawar,Ichhawar,Ichhawar,9.07,3.8
Madhya pradesh,Sehore,Ichhawar,Nadan,Nadan,10.5,5.550000191
Madhya pradesh,Sehore,Nasrullaganj,Rala,Rala,15.0,4.349999905
Madhya pradesh,Sehore,Sehore,Chandbar,Chandbar,25.6,15.95999908
Madhya pradesh,Sehore,Sehore,Jattakheda,Jattakheda,11.75,2.5
Madhya pradesh,Sehore,Sehore,Sehore,Sehore1,16.55,7.759999752
Madhya pradesh,Seoni,Barghat,Ari,Ari,9.81,3.50999999
Madhya pradesh,Seoni,Barghat,Borghat,Borghat,8.75,1.480000019
Madhya pradesh,Seoni,Barghat,Dharamkuan,Dharamkuan,12.25,6.300000191
Madhya pradesh,Seoni,Barghat,Kalyanpur,Kalyanpur,12.0,2.099999905
Madhya pradesh,Seoni,Chhapara,Chhapara,Chhapara,13.4,1.799999952
Madhya pradesh,Seoni,Chhapara,Ghunai,Ghunai,7.7,1.429999948
Madhya pradesh,Seoni,Dhanaura,Khamaria,Khamaria,8.5,3.220000029
Madhya pradesh,Seoni,Dhanaura,Kudari,Kudari,9.0,3.130000114
Madhya pradesh,Seoni,Dhanaura,Mehta,Mehta,10.7,4.920000076
Madhya pradesh,Seoni,Kahnapas(ghansaur),Ghansor,Ghansor1,11.0,1.980000019
Madhya pradesh,Seoni,Kahnapas(ghansaur),Kuropar,Kuropar,10.4,1.5
Madhya pradesh,Seoni,Kahnapas(ghansaur),Masurbhanwari,Masurbhanwari,13.5,2.349999905
Madhya pradesh,Seoni,Keolari,Banjal,Banjal,24.0,3.779999971
Madhya pradesh,Seoni,Keolari,Dhangada,Dhangada,13.5,8.56000042
Madhya pradesh,Seoni,Keolari,Pandiachhappara,Pandiachhappara,12.9,8.340000153
Madhya pradesh,Seoni,Keolari,Ugli,Ugli,9.5,1.539999962
Madhya pradesh,Seoni,Kurai,Khawasa,Khawasa,15.79,2.599999905
Madhya pradesh,Seoni,Kurai,Piparia,Piparia1,10.84,2.650000095
Madhya pradesh,Seoni,Lakhnadon,Banjari,Banjari,12.3,0.899999976
Madhya pradesh,Seoni,Lakhnadon,Dhuma,Dhuma,13.0,2.269999981
Madhya pradesh,Seoni,Lakhnadon,Gharghatia,Gharghatia,11.0,0.50999999
Madhya pradesh,Seoni,Lakhnadon,Lakhnadon,Lakhnadon1,18.0,1.700000048
Madhya pradesh,Seoni,Seoni,Kaniwara,Kaniwara,11.8,1.549999952
Madhya pradesh,Seoni,Seoni,Rahiwara,Rahiwara,7.85,1.799999952
Madhya pradesh,Shahdol,Burhar,Bhikhampur,Bhikhampur,11.8,4.74
Madhya pradesh,Shahdol,Ghoparu,Gohparu,Gohparu,13.28,4.210000038
Madhya pradesh,Shahdol,Jaysing nagar,Amjhor,Amjhor,8.5,4.489999771
Madhya pradesh,Shahdol,Jaysing nagar,Karki,Karki,11.6,5.419999599
Madhya pradesh,Shahdol,Jaysing nagar,Sanousi,Sanousi,12.0,8.920000076
Madhya pradesh,Shahdol,Jaysing nagar,Sidi,Sidi,12.9,8.960000038
Madhya pradesh,Shahdol,Jaysing nagar,Tihki,Tihki,9.72,3.5000002
Madhya pradesh,Shahdol,Sohagpur,Bahgarh,Bahgarh,12.0,2.480000019
Madhya pradesh,Shahdol,Sohagpur,Burhar,Burhar,15.0,10.22999954
Madhya pradesh,Shahdol,Sohagpur,Singhpur,Singhpur1,15.04,1.2199999
Madhya pradesh,Shajapur,Kalapipal,Arandia,Arandia,14.0,5.110000134
Madhya pradesh,Shajapur,Kalapipal,Kalapipal,Kalapipal,12.79,2.519999981
Madhya pradesh,Shajapur,Moman badodia,Salsalai,Salsalai,18.0,2.019999981
Madhya pradesh,Shajapur,Shajapur,Shajapur,Shajapur,25.02,1.720000029
Madhya pradesh,Shajapur,Shajapur,Tilawad govind,Tilawad govind,14.0,3.619999886
Madhya pradesh,Shajapur,Shujalpur,Shujalpur,Shujalpur,30.0,7.270000458
Madhya pradesh,Sheopur,Karahal,Goras,Goras,15.7,3.649999857
Madhya pradesh,Sheopur,Karahal,Kunorh,Kunorh,19.35,13.80000019
Madhya pradesh,Sheopur,Karahal,Nonpura,Nonpura,10.85,1.440000057
Madhya pradesh,Sheopur,Sheopur,Sheopur(deep),Sheopur(deep),61.0,22.12999916
Madhya pradesh,Sheopur,Vijaypur,Pura,Pura,13.0,2.730000019
Madhya pradesh,Sheopur,Vijaypur,Vijaypurcolony,Vijaypurcolony,16.8,6.0
Madhya pradesh,Shivpuri,Badarwas,Badarwas(shallow),Badarwas(shallow),85.9,9.539999962
Madhya pradesh,Shivpuri,Karera,Awas,Awas,15.0,6.070000172
Madhya pradesh,Shivpuri,Karera,Karera,Karera,12.25,2.899999857
Madhya pradesh,Shivpuri,Karera,Karera(shallow),Karera(shallow),48.88,9.829999924
Madhya pradesh,Shivpuri,Karera,Sarsod,Sarsod,17.0,2.449999809
Madhya pradesh,Shivpuri,Khaniyadhana,Masoori,Masoori,11.8,7.319999695
Madhya pradesh,Shivpuri,Narwar,Mangroni,Mangroni,9.79,3.450000048
Madhya pradesh,Shivpuri,Pichhore,Pichhore,Pichhore,10.8,3.75
Madhya pradesh,Shivpuri,Pichhore,Semri,Semri,16.5,1.879999995
Madhya pradesh,Shivpuri,Pohri,Dhamora(shallow),Dhamora(shallow),30.5,7.78000021
Madhya pradesh,Shivpuri,Pohri,Pohari,Pohari,15.0,3.699999809
Madhya pradesh,Shivpuri,Shivpuri,Bhagora,Bhagora,9.0,2.950000048
Madhya pradesh,Shivpuri,Shivpuri,Santanwara,Satanwara,21.5,1.350000024
Madhya pradesh,Shivpuri,Shivpuri,Sirsod,Sirsod,15.5,2.899999857
Madhya pradesh,Sidhi,Majhauli,Majhgawan,Majhgawan,8.9,0.0
Madhya pradesh,Sidhi,Majhauli,Tansar,Tamsar,16.9,11.05000019
Madhya pradesh,Sidhi,Majhauli,Tikri,Tikri,7.0,2.649999857
Madhya pradesh,Sidhi,Rampur naikin,Baghwar,Baghwar,12.97,8.900000572
Madhya pradesh,Sidhi,Rampur naikin,Chouphal,Chouphal,9.33,8.869999886
Madhya pradesh,Sidhi,Rampur naikin,Chourhat,Chourhat,15.0,5.050000191
Madhya pradesh,Sidhi,Sidhi,Barambaba,Barambaba,6.36,4.949999809
Madhya pradesh,Sidhi,Sidhi,Jogikothar,Jogikothar,9.25,5.300000191
Madhya pradesh,Sidhi,Sidhi,Sidhi,Sidhi,11.5,8.95
Madhya pradesh,Sidhi,Sidhi,Sidhi - s,Sidhi(s),23.18,10.0199995
Madhya pradesh,Sidhi,Sihawal,Amiliya,Amiliya(s),35.87,17.70000076
Madhya pradesh,Sidhi,Sihawal,Bahari,Bahari,19.25,19.30000114
Madhya pradesh,Sidhi,Sihawal,Sihawal,Sihawal,22.69,10.80000019
Madhya pradesh,Singrauli,Deosar,Baragawan,Baragawan(s),30.93,10.7
Madhya pradesh,Singrauli,Deosar,Bharra,Bharra,13.5,0.0
Madhya pradesh,Singrauli,Waidhan,Mara,Mara,13.0,11.32999992
Madhya pradesh,Tikamgarh,Baldeogarh,Baldeogarh,Baldeogarh,11.0,0.290000081
Madhya pradesh,Tikamgarh,Jatara,Bela,Bela,9.1,3.03000021
Madhya pradesh,Tikamgarh,Jatara,Palera,Palera,13.5,3.61
Madhya pradesh,Tikamgarh,Prithvipur,Birorakhet,Birorakhet,10.75,5.639999866
Madhya pradesh,Tikamgarh,Prithvipur,Nengawan,Nengawan,13.0,7.949999809
Madhya pradesh,Tikamgarh,Tikamgarh,Majna,Majna,15.5,11.30999947
Madhya pradesh,Tikamgarh,Tikamgarh,Tikamgarh,Tikamgarh,12.7,9.050000191
Madhya pradesh,Ujjain,Mahidpur,Delchi buzurg,Delchi buzurg,20.2,12.05000019
Madhya pradesh,Ujjain,Mahidpur,Khera khajuria,Khera khajuria,10.6,7.21999979
Madhya pradesh,Ujjain,Mahidpur,Mahidpurroad,Mahidpurroad,11.68,6.970000267
Madhya pradesh,Ujjain,Tarana,Makdon,Makdon,15.7,6.169999599
Madhya pradesh,Ujjain,Ujjain,Patpala,Patpala,13.0,9.120000839
Madhya pradesh,Umaria,Bandhavgarh,Parasi,Parasi,9.06,4.950000286
Madhya pradesh,Umaria,Bandhavgarh,Tala,Tala,9.9,6.449999809
Madhya pradesh,Umaria,Bandhavgarh,Umaria,Umaria,18.6,5.600000381
Madhya pradesh,Umaria,Karkeli (umariya),Nowrozabad,Nowrozabad,15.6,6.3399997
Madhya pradesh,Umaria,Pali,Amiliya,Amiliya,13.81,3.220000029
Madhya pradesh,Vidisha,Basoda,Ganjbasoda,Ganjbasoda1,13.5,0.599999964
Madhya pradesh,Vidisha,Basoda,Ghatera,Ghatera,15.0,1.25
Madhya pradesh,Vidisha,Basoda,Udaipur,Udaipur,19.0,1.25999999
Madhya pradesh,Vidisha,Kurwai,Kurwai,Kurwai1,13.57,2.300000191
Madhya pradesh,Vidisha,Neteran,Tinsiyai,Tinsiyai,18.0,2.400000095
Madhya pradesh,Vidisha,Sironj,Patharia,Patharia,8.41,0.450000048
Madhya pradesh,Vidisha,Sironj,Sironj,Sironj1,11.7,3.399999857
Madhya pradesh,Vidisha,Vidisha,Imaliya,Imaliya,9.0,1.600000024
Maharashtra,Amravati,Chikhaldara,Silona,Silona,5.3,3.200000048
Maharashtra,Beed,Beed,Mauj,Mauj,9.96,6.53000021
Maharashtra,Beed,Kaij,Kumbhephal,Kumbhephal,10.88,7.210000038
Maharashtra,Beed,Patoda,Manur,Manur,24.33,10.5
Maharashtra,Beed,Patoda,Patoda,Patoda,8.5,5.96
Maharashtra,Bhandara,Bhandara,Bhandara,Bhandara,12.4,4.3
Maharashtra,Bhandara,Bhandara,Daodipar khapa,Daodipar khapa,14.42,1.850000024
Maharashtra,Bhandara,Bhandara,Kharbi,Kharbi,14.15,4.0
Maharashtra,Bhandara,Lakhandur,Lakhandur,Lakhandur,14.45,1.5
Maharashtra,Bhandara,Lakhandur,Madgi,Madgi,12.23,2.25
Maharashtra,Bhandara,Mohadi,Dahegaon,Dahegaon2,7.4,5.65
Maharashtra,Bhandara,Mohadi,Jamb,Jamb,13.75,3.0
Maharashtra,Bhandara,Mohadi,Tumsar khapa,Tumsar khapa,10.6,2.25
Maharashtra,Bhandara,Mohadi,Varti,Varti,11.28,1.700000048
Maharashtra,Bhandara,Pauni,Pauni,Pauni,6.5,2.75
Maharashtra,Bhandara,Sakoli,Sakoli,Sakoli,14.52,4.449999809
Maharashtra,Bhandara,Tumsar,Chicholi,Chicholi,12.3,1.0
Maharashtra,Bhandara,Tumsar,Sihora,Sihora,12.27,1.950000048
Maharashtra,Gadchiroli,Kurkheda,Kurkhera,Kurkhera,11.14,8.0
Maharashtra,Gondia,Amgaon,Amgaon,Amgaon,10.35,1.5
Maharashtra,Gondia,Arjuni morgaon,Navegaon,Navegaon,15.9,1.649999976
Maharashtra,Gondia,Arjuni morgaon,Salebardi,Salebardi,19.25,3.099999905
Maharashtra,Gondia,Deori,Sondad,Sondad,15.55,3.299999952
Maharashtra,Gondia,Gondiya,Asoli,Asoli,9.95,3.450000048
Maharashtra,Gondia,Gondiya,Rajegaon,Rajegaon,11.5,1.649999976
Maharashtra,Gondia,Goregaon,Goregaon,Goregaon,11.55,3.5
Maharashtra,Gondia,Goregaon,Murdoli,Murdoli,10.1,3.950000048
Maharashtra,Gondia,Tirora,Navegaon ii (khurd),Navegaon ii (khurd),9.0,2.0
Maharashtra,Gondia,Tirora,Sejgaon,Sejgaon,9.95,1.75
Maharashtra,Mumbai city,Mumbai,Bombay (church gate),Bombay (church gate),4.4,2.200000048
Maharashtra,Mumbai suburban,Mumbai (suburban),A.m.c. colony,A.m.c. colony,14.0,11.69999981
Maharashtra,Nagpur,Hingna,Kanholi bara,Kanholi bara,10.5,5.599999905
Maharashtra,Nagpur,Hingna,Sathnaori,Sathnaori,18.0,16.36000061
Maharashtra,Nagpur,Kalameshwar,Kalmeshwar,Kalmeshwar,11.75,3.450000048
Maharashtra,Nagpur,Kalameshwar,Wardhamna,Wardhamna,8.0,5.820000172
Maharashtra,Nagpur,Katol,Chargaon (punarwasi),Chargaon (punarwasi),11.0,8.220000267
Maharashtra,Nagpur,Mauda,Chacher,Chacher,13.26,8.350000381
Maharashtra,Nagpur,Nagpur (rural),Borkhedi,Borkhedi,10.5,4.550000191
Maharashtra,Nagpur,Parseoni,Nayakund,Nayakund,18.2,16.64999962
Maharashtra,Nagpur,Parseoni,Parseoni,Parseoni,13.9,10.85000038
Maharashtra,Nagpur,Parseoni,Ramtek,Ramtek,12.45,4.849999905
Maharashtra,Nagpur,Parseoni,Wagholi,Wagholi,12.4,10.94999981
Maharashtra,Nagpur,Savner,Kelod,Kelod,17.0,13.88000011
Maharashtra,Nagpur,Savner,Kothulna,Kothulna,13.3,4.75
Maharashtra,Ratnagiri,Chiplun,Agave,Agave,4.65,0.0
Maharashtra,Ratnagiri,Chiplun,Dugvay,Dugvay,7.0,3.619999886
Maharashtra,Ratnagiri,Dapoli,Dapoli,Dapoli,10.45,8.65
Maharashtra,Ratnagiri,Dapoli,Jalgaon,Jalgaon,15.0,15.35000038
Maharashtra,Ratnagiri,Dapoli,Karanjani,Karanjani,8.05,7.300000191
Maharashtra,Ratnagiri,Dapoli,Vakarli,Vakvali,7.0,4.900000095
Maharashtra,Ratnagiri,Guhagar,Abloli,Abloli,9.0,9.949999809
Maharashtra,Ratnagiri,Guhagar,Devghar,Devghar,8.0,5.539999962
Maharashtra,Ratnagiri,Guhagar,Kotluk,Kotluk,11.5,3.549999952
Maharashtra,Ratnagiri,Guhagar,Pimper,Pimper,9.1,6.699999809
Maharashtra,Ratnagiri,Khed,Awasi,Aawashi,10.0,7.800000191
Maharashtra,Ratnagiri,Khed,Dasturi,Dasturi,8.25,3.5
Maharashtra,Ratnagiri,Khed,Kalvane,Kalambani,7.75,3.200000048
Maharashtra,Ratnagiri,Khed,Kashadi,Kashedi,8.0,0.0
Maharashtra,Ratnagiri,Khed,Oni,Oni,12.9,10.44999981
Maharashtra,Ratnagiri,Khed,Tetavli (kadamvadi),Tetavli (kadamvadi),11.0,0.0
Maharashtra,Ratnagiri,Mandangad,Kumble,Kumble,6.5,3.700000048
Maharashtra,Ratnagiri,Mandangad,Mahapral,Mahapral,6.5,3.049999952
Maharashtra,Ratnagiri,Rajapur,Rajapur,Rajapur,17.0,14.23999977
Maharashtra,Ratnagiri,Ratnagiri,Jakadevi,Jakadevi,15.15,12.75
Maharashtra,Ratnagiri,Sangameshwar,Ambed budruk,Ambed budruk,6.74,4.0
Maharashtra,Ratnagiri,Sangameshwar,Karanjari,Karanjari,16.0,6.5
Maharashtra,Satara,Khandala,Shirwal,Shirwal,13.8,8.199999809
Maharashtra,Thane,Kalyan,Kolimb,Kolimb,14.0,4.550000191
Maharashtra,Thane,Shahapur,Cherfully,Cherfully,6.0,4.699999809
Maharashtra,Thane,Shahapur,Nishanpada,Nishanpada,6.7,6.550000191
Maharashtra,Thane,Shahapur,Sathgaon,Sathgaon,7.25,5.5
Maharashtra,Thane,Thane,Bindarpada,Bhaindarpada,6.8,1.75
Maharashtra,Thane,Thane,Dahisar,Dahisar,6.5,3.5
Maharashtra,Thane,Ulhasnagar,Katolwadi (mulgaon),Katolwadi (mulgaon),7.0,0.0
Maharashtra,Thane,Vada,Kalamkhand,Rinzadpada (kanchad),6.3,5.050000191
Maharashtra,Thane,Vada,Sapane kh,Gothanpada,8.0,4.099999905
Maharashtra,Thane,Vikramgad,Suksale,Vikramgadh,7.0,3.019999981
Maharashtra,Wardha,Deoli,Bhidi,Bhidi,10.5,1.799999952
Maharashtra,Wardha,Deoli,Giroli,Giroli,10.2,6.900000095
Maharashtra,Wardha,Hinganghat,Alipur,Alipur,12.4,6.699999809
Maharashtra,Wardha,Hinganghat,Daroda,Daroda,6.55,3.450000048
Maharashtra,Wardha,Hinganghat,Hinganghat,Hinganghat,5.95,0.699999988
Maharashtra,Wardha,Hinganghat,Madni (new),Madni (new),10.8,8.449999809
Maharashtra,Wardha,Hinganghat,Pipri,Pipri,12.6,4.099999905
Maharashtra,Wardha,Samudrapur,Ajda,Ajda,7.8,4.699999809
Maharashtra,Wardha,Samudrapur,Dhondgaon,Dhondgaon,10.5,7.449999809
Maharashtra,Wardha,Samudrapur,Girad,Girad,12.0,4.599999905
Maharashtra,Wardha,Samudrapur,Sakhra,Sakhra,10.0,4.699999809
Maharashtra,Wardha,Samudrapur,Samudrapur,Samudrapur,9.65,5.900000095
Maharashtra,Wardha,Samudrapur,Wasi,Wasi,10.15,4.099999905
Maharashtra,Wardha,Wardha,Dahegaon,Dahegaon,16.0,11.0
Maharashtra,Wardha,Wardha,Sonegaon,Sonegaon,16.5,9.090000153
Maharashtra,Wardha,Wardha,Vadad,Vadad,12.0,6.199999809
Odisha,Anugul,Anugul,Barhabahal,Barhabahal,7.92,1.449999928
Odisha,Anugul,Anugul,Panchmahala,Panchmahala,11.0,2.269999981
Odisha,Anugul,Anugul,Purnakot,Purnakot,9.08,3.890000105
Odisha,Anugul,Banarpal,Angul,Angul1,13.95,0.84
Odisha,Anugul,Banarpal,Kuio,Kuio,10.72,0.860000014
Odisha,Anugul,Banarpal,Kukurang,Kukurang,10.0,0.730000019
Odisha,Anugul,Banarpal,Mahidharpur,Mahidharpur,14.59,0.689999998
Odisha,Anugul,Chhendipada,Bagharia,Bagharia,8.25,0.699999988
Odisha,Anugul,Chhendipada,Chendipada,Chendipada1,9.87,1.060000062
Odisha,Anugul,Chhendipada,Jharpada,Jharpada,8.5,2.299999952
Odisha,Anugul,Chhendipada,Kosala,Kosala1,8.31,0.620000064
Odisha,Anugul,Chhendipada,Nisa,Nisa,7.21,1.309999943
Odisha,Anugul,Kaniha,Samal,Samal,6.55,1.649999976
Odisha,Anugul,Talacher,Tentulai,Tentulai,8.14,1.519999981
Odisha,Balangir,Agalpur,Salebhata,Salebhata,8.87,2.430000067
Odisha,Balangir,Balangir,Churapali,Churapali,6.7,2.720000029
Odisha,Balangir,Balangir,Dhumamara,Dhumamara,5.52,1.850000024
Odisha,Balangir,Loisinga,Jogisurda,Jogisurda,7.39,2.609999895
Odisha,Balangir,Muribahal,Haladia,Haladia,9.56,5.239999771
Odisha,Balangir,Puintala,Dumerbahal,Dumerbahal,10.0,3.569999933
Odisha,Balangir,Puintala,Gaintala,Gaintala,6.25,1.059999943
Odisha,Balangir,Puintala,Randa,Randa,6.6,0.800000012
Odisha,Baudh,Baudh sadar,Ainlapali,Ainlapali,5.03,1.329999924
Odisha,Baudh,Baudh sadar,Manamunda,Manamunda,9.67,1.080000043
Odisha,Baudh,Baudh sadar,Telibandha,Telibandha,8.33,1.600000143
Odisha,Baudh,Harbhanga,Adenegarh,Adenegarh,12.73,1.529999971
Odisha,Baudh,Harbhanga,Boudh,Boudh,9.54,5.28000021
Odisha,Baudh,Kantamal,Kantamal,Kantamal,7.4,1.540000081
Odisha,Cuttack,Badamba,Abhimanpur,Abhimanpur,7.8,0.75
Odisha,Cuttack,Badamba,Baramba,Baramba,24.04,7.920000076
Odisha,Cuttack,Narasinghpur,Kanapur,Kanapur,6.56,1.409999967
Odisha,Cuttack,Niali,Madhab,Madhab,5.5,2.720000029
Odisha,Dhenkanal,Bhuban,Mathakaragola,Mathakaragola,10.73,6.1800003
Odisha,Dhenkanal,Gandia,Joranda,Joranda,9.95,3.5
Odisha,Dhenkanal,Gandia,Sading,Sading,12.0,6.120000362
Odisha,Dhenkanal,Hindol,Karanda,Karanda,9.0,0.829999983
Odisha,Dhenkanal,Hindol,Rasol,Rasol,9.8,2.019999981
Odisha,Dhenkanal,Kamakshaya nagar,Hatwari,Hatwari,8.03,2.00999999
Odisha,Dhenkanal,Parajang,Parjang,Parjang1,12.65,0.54
Odisha,Dhenkanal,Sadar,Bandhnuagaon,Bandhnuagaon,7.9,1.180000067
Odisha,Dhenkanal,Sadar,Bhapur,Bhapur2,9.35,1.97
Odisha,Dhenkanal,Sadar,Dhenkanal,Dhenkanal,6.14,1.74000001
Odisha,Dhenkanal,Sadar,Gangutia,Gangutia,8.6,2.169999838
Odisha,Gajapati,Mohana,Mohana,Mohana,12.0,4.099999905
Odisha,Gajapati,Parlakhemundi,Kattalakanita,Kattalakanita,7.97,2.220000029
Odisha,Gajapati,Parlakhemundi,Narayanpur,Narayanpur,7.67,3.920000076
Odisha,Gajapati,Parlakhemundi,Parlakhemundi,Parlakhemundi,10.9,2.730000019
Odisha,Gajapati,Parlakhemundi,Raygarh,Raygarh,10.51,5.369999886
Odisha,Ganjam,Asika,Khandrabali,Khandrabali,5.0,2.7900002
Odisha,Ganjam,Bellaguntha,Balipadar,Balipadar,7.56,3.050000191
Odisha,Ganjam,Bellaguntha,Gobara,Gobara,7.73,3.28000021
Odisha,Ganjam,Bellaguntha,Kalamb,Kalamb,10.0,5.900000095
Odisha,Ganjam,Bhanjanagar,Mujhagarh,Mujhagarh,9.77,3.71
Odisha,Ganjam,Chhatrapur,Chatrapur,Chatrapur1,8.0,2.090000153
Odisha,Ganjam,Chhatrapur,Govindpur,Govindpur1,13.53,3.479999781
Odisha,Ganjam,Chhatrapur,Narendrapur,Narendrapur,12.36,4.759999752
Odisha,Ganjam,Dharakote,Dharkote,Dharkote,4.82,1.700000048
Odisha,Ganjam,Hinjilicut,Badakhandi,Badakhandi,6.31,1.379999876
Odisha,Ganjam,Jaganathprasad,Tarasingi,Tarasingi,11.89,5.769999504
Odisha,Ganjam,Khalikote,Khalikot,Khalikot,7.68,4.25
Odisha,Ganjam,Kukudakhandi,Kanakia,Kanakia,10.32,6.429999828
Odisha,Ganjam,Kukudakhandi,Ratanpur,Ratanpur,7.62,2.5
Odisha,Ganjam,Patrapur,Jarada,Jarada1,7.5,2.160000086
Odisha,Ganjam,Patrapur,Patrapur,Patrapur1,9.37,1.860000014
Odisha,Ganjam,Purusottampur,Nuapalli,Nuapalli,10.0,2.53000021
Odisha,Ganjam,Purusottampur,Purusatampur,Purusatampur,6.64,5.529999733
Odisha,Ganjam,Rangilunda,Dumdumi,Dumdumi,9.5,1.769999981
Odisha,Jagatsinghapur,Tirtol,Kanakpur,Kanakpur,7.39,0.849999964
Odisha,Jajapur,Dharmasala,Kabatabandha,Kabatabandha,7.34,1.850000024
Odisha,Jajapur,Dharmasala,Madhupurgarh,Madhupurgarh,7.54,4.440000057
Odisha,Jharsuguda,Jharsuguda,Brajrajnagar,Brajrajnagar,9.2,1.660000086
Odisha,Jharsuguda,Lakhanpur,Lakhanpur,Lakhanpur,7.67,2.399999857
Odisha,Kendujhar,Banspal,Kanjipani,Kanjipani,10.9,3.579999924
Odisha,Kendujhar,Champua,Jaymangalpur,Jaymangalpur,12.48,0.220000029
Odisha,Kendujhar,Ghasipura,Barpada,Barpada,14.41,1.039999962
Odisha,Kendujhar,Ghasipura,Kesurdapal,Kesurdapal,7.0,0.809999943
Odisha,Kendujhar,Ghatgaon,Baxibarigan,Baxibarigan,8.15,1.75
Odisha,Kendujhar,Kendujhargarh,Gopalpur,Gopalpur2,8.7,1.169999957
Odisha,Kendujhar,Kendujhargarh,Padampur,Padampur2,14.45,3.549999952
Odisha,Kendujhar,Patana,Kothaghar,Kothaghar,8.77,0.51000005
Odisha,Kendujhar,Saharapada,Swampatna,Swampatna,6.45,0.469999969
Odisha,Khordha,Balipatana,Balipatna,Balipatna,5.1,1.459999919
Odisha,Khordha,Bhubaneswar,Bhubaneswar-i,Bhubaneswar-i,6.5,4.960000038
Odisha,Khordha,Bolagad,Bolagarh,Bolagarh,13.07,6.109999657
Odisha,Khordha,Tangi,Bhusundapur,Bhusundapur,10.16,4.980000019
Odisha,Khordha,Tangi,Nirakarpur,Nirakarpur,10.0,6.670000076
Odisha,Khordha,Tangi,Tangi,Tangi2,14.3,8.489999771
Odisha,Koraput,Boipariguda,Baipariguda,Baipariguda,8.5,2.75999999
Odisha,Koraput,Boipariguda,Dhaulapur,Dhaulapur,10.37,3.700000048
Odisha,Koraput,Boipariguda,Patraput,Patraput,10.3,4.920000076
Odisha,Koraput,Boriguma,Bijapur,Bijapur,6.1,3.640000105
Odisha,Koraput,Boriguma,Jujari,Jujari,7.45,2.359999895
Odisha,Koraput,Boriguma,Sasanhandi-ii,Sasanhandi-ii,12.0,3.24000001
Odisha,Koraput,Jeypur,Anta,Anta,6.81,1.480000019
Odisha,Koraput,Jeypur,C.kusimi-i,C.kusimi-i,10.85,3.670000076
Odisha,Koraput,Jeypur,Jeypore,Jeypore1,10.73,5.760000229
Odisha,Koraput,Koraput,Koraput-i,Koraput-i,12.37,6.630000114
Odisha,Koraput,Kotpad,Chandli,Chandli,10.56,2.549999952
Odisha,Koraput,Kotpad,Gumur,Gumur,15.0,2.339999914
Odisha,Koraput,Kotpad,Kotpad,Kotpad,8.15,1.830000043
Odisha,Koraput,Kundura,Bajiguda,Bajiguda,10.5,4.46999979
Odisha,Koraput,Kundura,Ghatarala,Ghatarala,11.17,2.309999943
Odisha,Koraput,Nandapur,Nandapur,Nandapur,10.73,2.720000029
Odisha,Koraput,Pottangi,Potangi,Potangi,10.93,4.239999771
Odisha,Malkangiri,Korkunda,Balimela,Balimela,6.65,0.799999952
Odisha,Mayurbhanj,Bangiriposi,Jharpokhari,Jharpokhari,14.63,1.370000005
Odisha,Mayurbhanj,Bar sahi,Belam,Belam,8.25,2.409999847
Odisha,Mayurbhanj,Bisoi,Bisoi,Bisoi,12.3,2.599999905
Odisha,Mayurbhanj,Gopa bandhu nagar,Khunta,Khunta,10.16,3.419999838
Odisha,Mayurbhanj,Kaptipada,Poradiha,Poradiha,9.36,2.720000029
Odisha,Mayurbhanj,Karanjia,Kendumundi,Kendumundi,10.8,1.080000043
Odisha,Mayurbhanj,Karanjia,Tato,Tato,16.6,11.52000046
Odisha,Mayurbhanj,Khunta,Brundabanchan,Brundabanchan,7.93,3.5500002
Odisha,Mayurbhanj,Muruda,Chitrada,Chitrada,11.0,3.929999828
Odisha,Mayurbhanj,Rasa-gobindapur,Amarda village,Amarda village,12.95,0.779999971
Odisha,Mayurbhanj,Samakhunta,Pithabata,Pithabata,14.17,5.800000191
Odisha,Mayurbhanj,Saras kana,Bangriposi,Bangriposi,11.69,6.569999695
Odisha,Mayurbhanj,Sulia pada,Sullyapada,Sullyapada,12.14,4.239999771
Odisha,Mayurbhanj,Thakur munda,Kendujani,Kendujani,12.5,1.4799999
Odisha,Mayurbhanj,Thakur munda,Satkosia,Satkosia,10.5,1.699999928
Odisha,Nayagarh,Bhapur,Kandapara,Kandapara,11.5,6.630000114
Odisha,Nayagarh,Dasapalla,Subalaya,Subalaya,8.0,2.609999895
Odisha,Nayagarh,Gania,Banigocha,Banigocha,10.67,3.420000076
Odisha,Nayagarh,Nuagaon,Mahipur,Mahipur,5.17,2.859999895
Odisha,Nayagarh,Nuagaon,Nuagaon,Nuagaon1,6.3,4.679999828
Odisha,Nayagarh,Odagaon,Odagaon,Odagaon,6.78,2.829999924
Odisha,Nayagarh,Odagaon,Sarankul,Sarankul,8.6,2.710000038
Odisha,Nuapada,Khariar,Sanmaheswar,Sanmaheswar,9.15,2.549999952
Odisha,Puri,Astaranga,Tikarpara,Tikarpara1,5.0,2.410000086
Odisha,Puri,Brahmagiri,Budhiabar,Budhiabar,5.34,2.49000001
Odisha,Puri,Brahmagiri,Rebana nuagaon,Rebana nuagaon,4.2,1.980000019
Odisha,Puri,Gop,Madrang,Madrang,7.26,1.080000043
Odisha,Puri,Nimapada,Charichhak,Charichhak,5.25,2.660000086
Odisha,Puri,Satyabadi,Algum,Algum,5.79,2.359999895
Odisha,Puri,Satyabadi,Nuasamsarpur,Nuasamsarpur,4.59,2.25999999
Odisha,Sambalpur,Bamra,Kesaibahal,Kesaibahal,6.88,2.200000048
Odisha,Sambalpur,Dhankauda,Rengali,Rengali,8.5,0.819999993
Odisha,Sambalpur,Jujomura,Badsahir,Badsahir,9.22,6.960000038
Odisha,Sambalpur,Jujomura,Nildungri,Nildungri,15.96,0.649999976
Odisha,Sambalpur,Kochinda,Kusumi,Kusumi,10.5,1.179999948
Odisha,Sambalpur,Naktideul,Naktideol,Naktideol,9.45,2.5
Odisha,Sambalpur,Rairakhol,Mochibahal,Mochibahal,8.94,1.690000057
Odisha,Sundargarh,Balisankara,Kinjrikela,Kinjrikela,8.12,2.150000095
Odisha,Sundargarh,Hemgir,Himgiri,Himgiri,17.9,2.099999905
Odisha,Sundargarh,Kuanrmunda,Kuarmunda,Kuarmunda,11.07,1.449999928
Odisha,Sundargarh,Lephripara,Lefripada,Lefripada,13.0,7.039999962
Odisha,Sundargarh,Nuagaon,Birmitrapur,Birmitrapur,5.68,1.600000024
Odisha,Sundargarh,Subdega,Alikera,Alikera,11.38,7.840000153
Odisha,Sundargarh,Subdega,Sabdega,Sabdega,8.5,1.090000033
Odisha,Sundargarh,Sundargarh,Karamdihi,Karamdihi,10.74,1.24000001
Odisha,Sundargarh,Tangarapali,Rangiamunda,Rangiamunda,7.4,1.420000076
Punjab,Bathinda,Bathinda,Ablu,Ablu,50.0,13.8
Punjab,Bathinda,Bathinda,Deratapp,Deratapp,43.1,9.949999809
Punjab,Bathinda,Bathinda,Kot shamir,Kot shamir,35.0,16.05999947
Punjab,Bathinda,Bathinda,Nahinwala,Nahinwala,28.64,15.39999962
Punjab,Bathinda,Talwandi sabo,Bhagibandar,Bhagibandar,30.0,9.090000153
Punjab,Bathinda,Talwandi sabo,Jassi bhagwali,Jassi bhagwali,37.4,8.199999809
Punjab,Bathinda,Talwandi sabo,Raike kalan,Raike kalan,49.0,4.789999962
Punjab,Faridkot,Faridkot,Chahd baja,Chahd baja,55.0,22.29999924
Punjab,Faridkot,Faridkot,Mehmuana,Mehmuana,9.6,0.449999988
Punjab,Faridkot,Jaito,Karirwali,Karirwali,28.6,14.30000019
Punjab,Faridkot,Jaito,Kot kapura,Kot kapura,25.0,10.23999977
Punjab,Fazilka,Abohar,Abohar,Abohar,19.5,3.109999895
Punjab,Fazilka,Abohar,Danewal satkosi,Danewal satkosi,50.0,3.529999971
Punjab,Ferozepur,Firozpur,Piyarana,Piyarana,14.0,3.849999905
Punjab,Gurdaspur,Batala,Bhagowal,Bhagowal,18.0,7.579999924
Punjab,Gurdaspur,Dera baba nanak,Dera baba nanak,Dera baba nanak,9.5,7.33
Punjab,Gurdaspur,Gurdaspur,Pandoritalab,Pandoritalab,6.6,2.690000057
Punjab,Hoshiarpur,Dasua,Durimiwal,Durimiwal,18.57,6.369999886
Punjab,Hoshiarpur,Garhshankar,Thakarwala,Thakarwala,20.31,3.75999999
Punjab,Hoshiarpur,Hoshiarpur,Chohal,Chohal,7.65,3.720000029
Punjab,Hoshiarpur,Hoshiarpur,Sham chaurasi,Sham chaurasi,15.5,12.01000023
Punjab,Hoshiarpur,Mukerian,Hazipur,Hazipur,13.0,6.880000114
Punjab,Hoshiarpur,Mukerian,Nagal bihala,Nagal bihala,22.3,8.050000191
Punjab,Hoshiarpur,Mukerian,Talwara,Talwara1,13.63,10.27000046
Punjab,Jalandhar,Jalandhar - ii,Allawalpur,Allawalpur,27.0,6.170000076
Punjab,Ludhiana,Ludhiana (east),Ludhiana 1(d),P.a.u.ludhiana 1(d),302.16,32.08000183
Punjab,Mansa,Sardulgarh,Burj bhalaike,Burj bhalaike,29.3,3.420000076
Punjab,Mansa,Sardulgarh,Fattamaluka,Fattamaluka,19.9,6.909999847
Punjab,Mohali,Dera bassi,Joli,Joli,11.85,3.190000057
Punjab,Mukatsar,Muktsar,Labanianwali,Labanianwali,29.7,3.420000076
Punjab,Mukatsar,Muktsar,Muktsar,Muktsar,23.95,3.96
Punjab,Pathankot,Dhar kalan,Nawan pind,Nawan pind,13.45,6.53000021
Punjab,Pathankot,Pathankot,Bhoa,Bhoa,6.46,4.369999886
Punjab,Pathankot,Pathankot,Jhakolahri,Jhakolahri,7.35,3.19
Punjab,Pathankot,Pathankot,Khanikhui,Khanikhui,4.4,1.309999943
Punjab,Pathankot,Pathankot,Pathankot,Pathankot1,9.0,3.220000029
Punjab,Ropar,Anandpur sahib,Braham pur,Braham pur,9.35,3.210000038
Punjab,Ropar,Anandpur sahib,Dhair,Dhair,25.0,5.900000095
Punjab,Ropar,Rupnagar,Ahmedpur,Ahmedpur,11.6,5.210000038
Punjab,Ropar,Rupnagar,Bera chauta,Bera chauta,5.6,2.579999924
Punjab,Ropar,Rupnagar,Hardinamoh,Hardinamoh,11.9,1.75999999
Tamil nadu,Chennai,Chennai,K.k.nagar,K.k.nagar,5.85,2.5
Tamil nadu,Coimbatore,Annur,Ganesapuram,Ganesapuram,37.0,24.43000031
Tamil nadu,Coimbatore,Annur,Saravanampatti,Saravanampatti,31.83,10.59999943
Tamil nadu,Coimbatore,Annur,Saravanampatti,Saravanampatti1,61.0,25.46999931
Tamil nadu,Coimbatore,Annur,Vadavalli,Vadavalli,50.56,41.61999893
Tamil nadu,Coimbatore,Coimbatore south,Pichanur,Pichanur,48.8,14.42999935
Tamil nadu,Coimbatore,Coimbatore south,Singanallur,Singanallur,36.1,5.95
Tamil nadu,Coimbatore,Mettupalayam,Seeliyur,Seeliyur,52.65,9.53
Tamil nadu,Coimbatore,Pollachi,Angalakurichi,Angalakurichi,49.0,46.20000076
Tamil nadu,Coimbatore,Pollachi,Pollachi,Pollachi1,9.94,1.449999928
Tamil nadu,Coimbatore,Sulur,Samalapuram,Samalapuram,39.0,11.35000038
Tamil nadu,Coimbatore,Sulur,Sulur,Sulur,12.28,3.100000143
Tamil nadu,Dharmapuri,Dharmapuri,Bommidimalapurm,Bommidimalapurm,18.9,7.289999962
Tamil nadu,Dharmapuri,Dharmapuri,Indoor,Indoor,10.8,2.769999981
Tamil nadu,Dharmapuri,Harur,Harur,Harur2,49.0,13.10999966
Tamil nadu,Dharmapuri,Pennagaram,Nagadasampatti,Nagadasampatti,15.0,3.930000305
Tamil nadu,Dindigul,Dindigul,Hanumanthanagar,Hanumanthanagar,12.7,1.95
Tamil nadu,Dindigul,Dindigul,Sanarpatti,Sanarpatti,69.4,20.55999947
Tamil nadu,Dindigul,Dindigul,Vadamadurai,Vadamadurai,20.8,10.38000011
Tamil nadu,Dindigul,Kodaikanal,Kodaikanal,Kodaikanal,10.2,4.400000095
Tamil nadu,Dindigul,Natham,Natham,Natham1,12.4,2.700000048
Tamil nadu,Dindigul,Natham,Nattam,Nattam,51.25,2.399999857
Tamil nadu,Dindigul,Oddanchatram,Chattrapatti,Chattrapatti,19.47,12.75
Tamil nadu,Dindigul,Oddanchatram,Oddanchatram,Oddanchatram1,70.5,8.059999466
Tamil nadu,Dindigul,Oddanchatram,Oodanchatram,Oodanchatram,22.3,3.800000191
Tamil nadu,Dindigul,Oddanchatram,Thumbalapatti,Thumbalapatti,18.35,12.30000019
Tamil nadu,Dindigul,Palani,Palani,Palani2,14.45,2.49000001
Tamil nadu,Dindigul,Vedasandur,Ayyalur,Ayyalur,62.5,5.48
Tamil nadu,Dindigul,Vedasandur,Idayapatti,Idayapatti,18.6,13.610001
Tamil nadu,Dindigul,Vedasandur,Kovilur (ramanathapuram),Kovilur (ramanathapuram),45.3,3.519999981
Tamil nadu,Erode,Anthiyur,Ammapet,Ammapet1,31.0,7.990000248
Tamil nadu,Erode,Anthiyur,Ammapet,Ammapet2,11.05,7.079999924
Tamil nadu,Erode,Anthiyur,Attani,Attani,19.4,8.710000038
Tamil nadu,Erode,Anthiyur,Bhavani,Bhavani1,10.6,7.670000076
Tamil nadu,Erode,Anthiyur,Krishnapuram,Krishnapuram,19.5,11.13000011
Tamil nadu,Erode,Bhavani,Kavundapadi,Kavundapadi1,16.3,4.010000229
Tamil nadu,Erode,Bhavani,Urachikottai,Urachikottai,31.0,5.990000248
Tamil nadu,Erode,Dharapuram,Alangiyam,Alangiyam,52.2,6.130000114
Tamil nadu,Erode,Dharapuram,Dharapuram,Dharapuram1,79.5,2.150000095
Tamil nadu,Erode,Dharapuram,Mulanur,Mulanur2,9.55,8.789999962
Tamil nadu,Erode,Erode,Chittodu,Chittodu,14.3,2.980000019
Tamil nadu,Erode,Erode,Elmattur,Elmattur,9.65,2.769999981
Tamil nadu,Erode,Erode,Erode,Erode2,12.0,6.510000229
Tamil nadu,Erode,Erode,Unjalur,Unjalur,7.0,3.140000105
Tamil nadu,Erode,Gobichettipalayam,Gobichettipalayam,Gobichettipalayam1,20.5,2.659999847
Tamil nadu,Erode,Gobichettipalayam,Kasipalayam,Kasipalayam,19.15,0.569999993
Tamil nadu,Erode,Kangeyam,Kangayam,Kangayam2,24.4,6.989999771
Tamil nadu,Erode,Kangeyam,Muttur,Muttur1,20.2,5.420000076
Tamil nadu,Erode,Kangeyam,Uthiyur,Uthiyur,11.9,6.539999962
Tamil nadu,Erode,Perundurai,Chennimalai,Chennimalai2,17.2,5.669999599
Tamil nadu,Erode,Perundurai,Nasiyanur,Nasiyanur,15.85,6.94
Tamil nadu,Erode,Perundurai,Perundurai,Perundurai1,24.95,9.680000305
Tamil nadu,Erode,Sathyamangalam,Indiampalayam,Indiampalayam,12.52,0.580000043
Tamil nadu,Kancheepuram,Kancheepuram,Kancheepuram,Kancheepuram,17.1,6.630000114
Tamil nadu,Kancheepuram,Kancheepuram,Walajabad,Walajabad,12.85,3.5
Tamil nadu,Kancheepuram,Madhuranthagam,Madurantagam,Madurantagam1,12.0,6.05
Tamil nadu,Kancheepuram,Sriperumbudur,Paddapai,Paddapai,36.9,6.400000095
Tamil nadu,Kancheepuram,St.thomas,Tambaram,Tambaram1,14.0,3.5
Tamil nadu,Kancheepuram,Thirukalukundram,Mahabalipuram,Mahabalipuram,10.0,3.35
Tamil nadu,Kancheepuram,Uthiramerur,Thirumukkudal,Thirumukkudal,61.6,2.400000095
Tamil nadu,Kancheepuram,Uthiramerur,Uthiramerur,Uthiramerur2,12.75,6.900000095
Tamil nadu,Karur,Aravakurichi,Paramatti,Paramatti1,17.62,0.660000026
Tamil nadu,Krishnagiri,Denganikottai,Anusonai,Anusonai,16.0,2.299999952
Tamil nadu,Krishnagiri,Uthangarai,Mattur,Mattur2,46.2,5.809999943
Tamil nadu,Madurai,Madurai north,Kadavoor,Kadavoor,8.2,1.759999871
Tamil nadu,Madurai,Madurai north,Kallandri,Kallandri1,55.4,1.659999967
Tamil nadu,Namakkal,Namakkal,K.naickanpatti,K.naickanpatti,29.89,6.919999599
Tamil nadu,Namakkal,Namakkal,Mohanur,Mohanur,56.65,0.720000029
Tamil nadu,Namakkal,Namakkal,Namakkal,Namakkal2,17.62,0.449999988
Tamil nadu,Namakkal,Paramathivellur,Irumbapalam,Irumbapalam,17.9,1.140000105
Tamil nadu,Namakkal,Paramathivellur,Solasiramani,Solasiramani,49.5,4.84
Tamil nadu,Namakkal,Paramathivellur,Velur,Velur,5.9,2.360000134
Tamil nadu,Namakkal,Rasipuram,Ayilpatti,Ayilpatti,22.47,2.720000029
Tamil nadu,Namakkal,Rasipuram,Metala,Metala,23.77,8.699999809
Tamil nadu,Namakkal,Rasipuram,Mohanur,Mohanur1,4.3,0.520000041
Tamil nadu,Namakkal,Rasipuram,Rasipuram,Rasipuram1,17.75,6.489999771
Tamil nadu,Namakkal,Rasipuram,Singalanadu prm,Singalanadu prm,31.8,16.55999947
Tamil nadu,Namakkal,Rasipuram,Vennandur,Vennandur,25.8,5.88
Tamil nadu,Namakkal,Thiruchengodu,Kalipatti,Kalipatti,24.0,6.109999657
Tamil nadu,Namakkal,Thiruchengodu,Nallur,Nallur1,18.95,2.119999886
Tamil nadu,Namakkal,Thiruchengodu,Thiruchengodu,Thiruchengodu,13.5,2.960000038
Tamil nadu,Namakkal,Thiruchengodu,Vaiyappamalai,Vaiyappamalai,20.76,4.46999979
Tamil nadu,Nilgiris,Coonoor,Wellington,Wellington,4.74,1.5899999
Tamil nadu,Nilgiris,Gudalur,Cherambadi,Cherambadi,6.08,2.84
Tamil nadu,Nilgiris,Gudalur,Pandalur,Pandalur,6.75,3.200000048
Tamil nadu,Nilgiris,Kotagiri,Mullur,Mullur,6.5,0.799999952
Tamil nadu,Nilgiris,Ootacamund,Pykara,Pykara,3.64,1.549999952
Tamil nadu,Nilgiris,Ootacamund,Udhagamandalam,Udhagamandalam,3.62,0.56999993
Tamil nadu,Perambalur,Kunnam,Kunnam,Kunnam,11.3,2.849999905
Tamil nadu,Perambalur,Perambalur,Ammapalayam,Ammapalayam,14.45,2.75
Tamil nadu,Perambalur,Perambalur,Kurumbalur,Kurumbalur,20.66,1.959999919
Tamil nadu,Perambalur,Perambalur,Perambalur,Perambalur2,10.4,4.789999962
Tamil nadu,Perambalur,Perambalur,Ranjankudi,Ranjankudi,42.6,3.5
Tamil nadu,Pudukkottai,Alangudi,Valathirakkotai,Valathirakkotai,11.6,4.389999866
Tamil nadu,Pudukkottai,Aranthangi,Arantangi,Arantangi,7.0,2.400000095
Tamil nadu,Pudukkottai,Aranthangi,Erachi,Erachi,8.0,3.800000191
Tamil nadu,Pudukkottai,Aranthangi,Nakkudi,Nakkudi1,9.0,4.050000191
Tamil nadu,Pudukkottai,Avudaiyarkoil,Avudaiyarkoil,Avudaiyarkoil1,7.0,3.820000172
Tamil nadu,Pudukkottai,Gandarvakottai,Gandharvakottai,Gandharvakottai1,15.65,3.419999838
Tamil nadu,Pudukkottai,Manamelkudi,Manamelkudi,Manamelkudi1,7.2,3.670000076
Tamil nadu,Pudukkottai,Pudukkottai,Adanakottai,Adanakottai,10.75,6.25
Tamil nadu,Pudukkottai,Pudukkottai,Pudukkottai,Pudukkottai,45.0,5.570000172
Tamil nadu,Pudukkottai,Thirumayam,Thirumayam,Thirumayam1,37.45,2.120000124
Tamil nadu,Salem,Attur,Athur,Athur,59.0,8.359999657
Tamil nadu,Salem,Attur,Attur fire st.,Attur fire st.,13.96,8.109999657
Tamil nadu,Salem,Attur,P.n.palayam,P.n.palayam1,59.0,5.980000019
Tamil nadu,Salem,Gangavalli,Sendarpatti,Sendarpatti,70.5,3.28000021
Tamil nadu,Salem,Gangavalli,Veraganur,Veraganur,52.0,8.159999847
Tamil nadu,Salem,Mettur,Kulathur,Kulathur,65.5,21.42000008
Tamil nadu,Salem,Mettur,Nangavalli,Nangavalli,65.8,9.379999161
Tamil nadu,Salem,Sankari,Kullampatti,Kullampatti,49.0,8.259999275
Tamil nadu,Salem,Yercaud,Yercaud,Yercaud,6.75,2.060000181
Tamil nadu,Sivaganga,Karaikudi,Chettinadu,Chettinadu,14.12,2.099999905
Tamil nadu,Sivaganga,Thiruppattur,Tirupathur,Tirupathur1,32.0,6.929999828
Tamil nadu,Thanjavur,Papanasam,Papanasam,Papanasam,6.1,2.95
Tamil nadu,Thanjavur,Thanjavur,Melvastrachavdi,Melvastrachavdi,21.0,15.55000019
Tamil nadu,Thanjavur,Thiruvidaimaruthur,Lower anaicut,Lower anaicut,7.25,3.199999809
Tamil nadu,Tiruchirappalli,Lalgudi,Pullambadi,Pullambadi1,8.3,3.299999714
Tamil nadu,Tiruchirappalli,Manachanallur,Siruganur,Siruganur,15.5,5.5
Tamil nadu,Tiruchirappalli,Srirangam,Chattirapatti,Chattirapatti,21.0,4.0
Tamil nadu,Tiruchirappalli,Thottiyam,Thathayangarpet,Thathayangarpet,29.53,12.65999985
Tamil nadu,Tiruchirappalli,Thottiyam,Tottiyam,Tottiyam,49.0,5.389999866
Tamil nadu,Tiruchirappalli,Thottiyam,Tumbalam,Tumbalam,16.0,6.700000286
Tamil nadu,Tiruchirappalli,Thuraiyur,Thurayur,Thurayur1,99.0,6.220000267
Tamil nadu,Tiruchirappalli,Tiruchirappalli,Thuvakkudi,Thuvakkudi,11.1,1.99000001
Tamil nadu,Tiruppur,Avinashi,Avinashi,Avinashi1,24.82,5.349999905
Tamil nadu,Tiruppur,Avinashi,Karamadai,Karamadai,17.21,1.620000005
Tamil nadu,Tiruppur,Madathukulam,Kaniyur,Kaniyur,8.87,2.299999952
Tamil nadu,Tiruppur,Madathukulam,Karattoluvu,Karattoluvu,39.65,1.950000048
Tamil nadu,Tiruppur,Madathukulam,Kumaralingam,Kumaralingam,7.19,1.549999952
Tamil nadu,Tiruppur,Madathukulam,Kumaralingam,Kumaralingam1,61.0,1.639999986
Tamil nadu,Tiruppur,Palladam,Kettanur,Kettanur,67.1,2.349999905
Tamil nadu,Tiruppur,Palladam,Nachipalayam,Nachipalayam,13.51,5.820000172
Tamil nadu,Tiruppur,Palladam,Nachipalayam,Nachipalayam1,108.0,4.550000191
Tamil nadu,Tiruppur,Palladam,Palladam,Palladam2,49.0,8.100000381
Tamil nadu,Tiruppur,Udumalpet,Udumalpet,Udumalpet1,19.03,1.480000019
Tamil nadu,Tiruvallur,Ponneri,Padiyanallur,Padiyanallur,99.0,3.599999905
Tamil nadu,Tiruvallur,Poonamallee,Tirumazhisai,Tirumazhisai,8.5,3.82
Tamil nadu,Tiruvallur,Tiruttani,Kanakammachatrm,Kanakammachatrm,10.5,0.800000012
Tamil nadu,Tiruvallur,Tiruttani,Tiruttani,Tiruttani,10.75,1.940000057
Tamil nadu,Tiruvannamalai,Chengam,Anandavadi,Anandavadi,10.47,6.690000057
Tamil nadu,Tiruvannamalai,Chengam,Melravandavadi,Melravandavadi,49.6,6.590000153
Tamil nadu,Tiruvannamalai,Chengam,Thanipadi,Thanipadi,12.9,5.55
Tamil nadu,Tiruvannamalai,Cheyyar,Cheyyar,Cheyyar2,11.76,3.04
Tamil nadu,Tiruvannamalai,Polur,Chetpet,Chetpet1,14.55,4.949999809
Tamil nadu,Tiruvannamalai,Vandavasi,Vandavasi,Vandavasi1,44.5,1.730000019
Tamil nadu,Vellore,Arcot,Arcot,Arcot2,10.75,0.94
Tamil nadu,Vellore,Katpadi,Kv kuppam,Kv kuppam,49.5,5.869999886
Tamil nadu,Vellore,Thiruppathur,Alankuppam,Alankuppam,13.3,2.789999962
Tamil nadu,Vellore,Thiruppathur,Kandili,Kandili,42.9,5.420000076
Tamil nadu,Vellore,Thiruppathur,Perambattu,Perambattu,15.6,2.390000105
Tamil nadu,Vellore,Vaniyambadi,Kavalur,Kavalur,14.0,11.30999947
Tamil nadu,Vellore,Vellore,Palligonda,Palligonda,52.2,9.269999504
Tamil nadu,Vellore,Walajah,Avarakarai,Avarakarai,39.6,1.16
Tamil nadu,Vellore,Walajah,Lalpet,Lalpet,12.8,2.319999933
Tamil nadu,Vellore,Walajah,Ranipet,Ranipet1,8.0,2.059999943
Tamil nadu,Vellore,Walajah,Sholingar,Sholingar1,12.35,0.840000033
Tamil nadu,Viluppuram,Gingee,Gingee,Gingee1,40.0,1.570000052
Tamil nadu,Viluppuram,Gingee,Gingee,Gingee2,9.85,4.200000286
Tamil nadu,Viluppuram,Kallakkurichi,Chinnasalem,Chinnasalem,70.3,3.5
Tamil nadu,Viluppuram,Kallakkurichi,Chinnasalem,Chinnasalem1,7.74,1.580000043
Tamil nadu,Viluppuram,Kallakkurichi,Kacharapalayam,Kacharapalayam,10.7,4.490000248
Tamil nadu,Viluppuram,Kallakkurichi,Kallakurichi,Kallakurichi1,39.65,4.369999886
Tamil nadu,Viluppuram,Kallakkurichi,Tyagadurgam,Tyagadurgam,41.7,3.599999905
Tamil nadu,Viluppuram,Sankarapuram,Rishivandiyam,Rishivandiyam,10.35,3.799999952
Tamil nadu,Viluppuram,Tindivanam,Brammadesam,Brammadesam,46.0,1.220000029
Tamil nadu,Viluppuram,Tirukkoyilur,Mambazhapattu,Mambazhapattu,10.5,2.559999943
Tamil nadu,Viluppuram,Tirukkoyilur,Tirukkoilur,Tirukkoilur1,12.1,1.410000086
Tamil nadu,Viluppuram,Ulundurpettai,Pidagam,Pidagam,13.05,3.75999999
Tamil nadu,Viluppuram,Ulundurpettai,Ulundurpet,Ulundurpet1,42.7,7.679999828
Telangana,Adilabad,Jainad,Jainath,Jainath,12.24,5.050000191
Telangana,Adilabad,Jaipur,Bhimavaram,Bhimavaram1,9.68,5.039999962
Telangana,Adilabad,Jannaram,Jannaram,Jannaram,16.0,2.470000029
Telangana,Adilabad,Khanapur,Pembi,Pembi,11.1,2.25999999
Telangana,Adilabad,Mamda,Potaram,Potaram,9.62,3.480000019
Telangana,Adilabad,Mancherial,Hajipur,Hajipur,18.0,2.339999914
Telangana,Karimnagar,Choppadandi,Aruna konda-new,Aruna konda-new,9.0,2.71
Telangana,Karimnagar,Koratla,Mohanraopet,Mohanraopet1,9.0,1.850000024
Telangana,Karimnagar,Manthani,Kalwacherla,Kalwacherla,10.0,3.720000029
Telangana,Karimnagar,Manthani,Venkatapur,Venkatapur,13.0,2.670000076
Telangana,Karimnagar,Timmapur,Tadikal,Tadikal,16.0,0.939999998
Telangana,Khammam,Aswaraopet,Vinayakapuram,Vinayakapuram,10.82,6.949999809
Telangana,Khammam,Chintur,Mothugundam,Mothugundam,5.85,2.529999971
Telangana,Khammam,Chintur,Sarivela,Sarivela,7.5,2.849999905
Telangana,Khammam,Dammapeta,Gandugulapalli-2,Gandugulapalli-pz 2,102.0,20.39999962
Telangana,Khammam,Garla,Garla,Garla,8.48,2.049999952
Telangana,Khammam,Pinapaka,Edira,Adira,11.3,0.680000007
Telangana,Khammam,Tirumalayapalem,Nayakangudem,Nayakangudem1,9.4,2.779999971
Telangana,Khammam,Wazeed,Venkatapuram,Venkatapuram2,15.1,3.24000001
Telangana,Mahbubnagar,Alampur,Alampur,Alampur1,7.47,2.220000029
Telangana,Mahbubnagar,Bhoothpur,Pedda mulgera,Pedda mulgera-pz 1,31.0,13.01000023
Telangana,Mahbubnagar,Pebbair,Kancharaopalli,Kancharaopalli,18.4,2.839999914
Telangana,Medak,Kaudipalle,Kaudipally,Kaudipally-pz,37.6,21.35000038
Telangana,Medak,Raikod,Raikod,Raikod-pz,50.8,3.690000057
Telangana,Medak,Ramayampet,Ramayampet,Ramayampet-pz,33.1,6.619999886
Telangana,Medak,Rangampet,Kulcharam,Kulcharam-pz,36.2,17.68000031
Telangana,Medak,Siddipet,Siddipet,Siddipet-pz,50.4,8.5
Telangana,Nalgonda,Devarakonda,Devarakonda,Devarakonda,20.0,4.449999809
Telangana,Nalgonda,Gundlapalle,G.palli(dindi),G.palli(dindi) -pz,69.9,11.40999985
Telangana,Nalgonda,Jajireddygudem,Aravapalle,Arvepally-pz,32.7,3.579999924
Telangana,Nalgonda,Kanagal,Kanagal,Kanagal-pz,23.5,8.100000381
Telangana,Nalgonda,Kodad,Kodad-new,Kodad-new,14.68,2.75
Telangana,Nalgonda,Miryalaguda,Thungapadu,Thungapadu,7.0,3.549999952
Telangana,Nalgonda,Mote,Mothey,Mothey-pz,30.0,1.330000043
Telangana,Nalgonda,Mungala,Munagala,Munagala,12.34,2.950000048
Telangana,Nalgonda,Munugode,Munugodu,Munugodu-pz,20.3,5.590000153
Telangana,Nalgonda,Nidamanur,Nidamanuru,Nidamanuru,6.7,4.829999924
Telangana,Nalgonda,Pochampalle,Pochampalli,Pochampalli,21.0,9.380000114
Telangana,Nalgonda,Suryapet,Suryapet,Suryapet-pz,26.5,1.75
Telangana,Nalgonda,Turkapalle,M.turkapalli,M.turkapalli-pz,26.5,7.510000229
Telangana,Nizamabad,Armur,Armur,Armur-pz,30.9,5.309999943
Telangana,Nizamabad,Dharpur,Dharpalli,Dharpalli-pz,41.0,9.6
Telangana,Nizamabad,Dichkonda,Bichkonda,Bichkonda-pz,30.0,6.46999979
Telangana,Nizamabad,Dichkonda,Takkadapally,Takkadapally,14.9,5.829999924
Telangana,Nizamabad,Dichpalle,Dichpalli,Dichpalli-pz,31.6,8.93
Telangana,Nizamabad,Lingampet,Mustapur,Mustapur,11.5,5.699999809
Telangana,Nizamabad,Pitlam,Chinnakodapagal,Chinnakodapagal-pz,26.5,8.460000038
Telangana,Ranga reddy,Chevella,Antaram (c),Antaram (c),14.1,5.829999924
Telangana,Ranga reddy,Hayatnagar,Bata singaram,Bata singaram,9.5,1.75
Telangana,Ranga reddy,Kandukur,Maheswaram,Maheswaram1,30.0,10.93000031
Telangana,Ranga reddy,Shamshabad,Shamshabad,Shamshabad1,26.5,10.56999969
Telangana,Ranga reddy,Shankarpalle,Shankarapally,Shankarapally,17.5,2.609999895
Telangana,Ranga reddy,Tandur,Inoli,Inoli,13.5,3.519999981
Telangana,Ranga reddy,Uppal,Uppal,Uppal,26.5,8.039999962
Telangana,Warangal rural,Kesamudram,Ingurti,Ingurti,8.8,2.00999999
Telangana,Warangal rural,Kesamudram,Kesamudram,Kesamudram,8.0,1.299999952
Telangana,Warangal rural,Mahabubabad,Mahabubabad,Mahabubabad,8.3,0.730000019
Telangana,Warangal rural,Mangapet,Kamalapuram-new,Kamalapuram-new,10.8,6.53000021
Telangana,Warangal rural,Mulug,Jangalapalli,Jangalapalli,9.3,1.879999995
Telangana,Warangal rural,Regonda,Parakal,Parakal,8.5,1.529999971
Telangana,Warangal rural,Tadvai,Govindaraopet,Govindaraopet,12.4,1.700000048
